transaction_id,vendor,scheme,amount,state
0,VENDOR_33,MNREGA,40474.28,Delhi
1,VENDOR_14,AYUSHMAN,47848.61,Maharashtra
2,VENDOR_8,PDS,55367.11,Delhi
3,VENDOR_29,SCHOLARSHIP,14403.65,Delhi
4,VENDOR_48,PDS,31070.96,Rajasthan
5,VENDOR_27,PMKISAN,51869.35,Bihar
6,VENDOR_16,PDS,331661.42,Delhi
7,VENDOR_19,PDS,51880.27,Tamil Nadu
8,VENDOR_43,MNREGA,35971.52,Bihar
9,VENDOR_45,PDS,59776.54,Uttar Pradesh
10,VENDOR_8,AYUSHMAN,67514.27,West Bengal
11,VENDOR_4,PDS,48726.35,Karnataka
12,VENDOR_29,AYUSHMAN,31522.9,Karnataka
13,VENDOR_41,MNREGA,30498.39,Karnataka
14,VENDOR_4,AYUSHMAN,25703.89,Uttar Pradesh
15,VENDOR_9,PMKISAN,48685.08,Karnataka
16,VENDOR_26,PDS,54904.57,Karnataka
17,VENDOR_26,SCHOLARSHIP,53733.99,Bihar
18,VENDOR_35,MNREGA,53071.29,Tamil Nadu
19,VENDOR_29,SCHOLARSHIP,46772.48,Delhi
20,VENDOR_18,MNREGA,49226.52,Karnataka
21,VENDOR_6,SCHOLARSHIP,312041.27,Delhi
22,VENDOR_45,PDS,35051.88,Rajasthan
23,VENDOR_22,PDS,48898.62,Bihar
24,VENDOR_12,PDS,53508.4,Bihar
25,VENDOR_8,SCHOLARSHIP,32152.52,Karnataka
26,VENDOR_45,PDS,66180.35,Uttar Pradesh
27,VENDOR_5,MNREGA,52131.79,Maharashtra
28,VENDOR_29,PDS,75994.34,Uttar Pradesh
29,VENDOR_34,AYUSHMAN,72591.78,Tamil Nadu
30,VENDOR_6,PDS,38182.45,Maharashtra
31,VENDOR_47,AYUSHMAN,256873.95,Bihar
32,VENDOR_37,SCHOLARSHIP,31503.19,Karnataka
33,VENDOR_40,PDS,51062.18,West Bengal
34,VENDOR_24,AYUSHMAN,348570.99,Rajasthan
35,VENDOR_15,SCHOLARSHIP,57595.7,Bihar
36,VENDOR_34,MNREGA,53951.59,Delhi
37,VENDOR_46,AYUSHMAN,54651.81,West Bengal
38,VENDOR_10,AYUSHMAN,50364.02,Rajasthan
39,VENDOR_14,SCHOLARSHIP,65934.15,Tamil Nadu
40,VENDOR_27,AYUSHMAN,58236.25,Tamil Nadu
41,VENDOR_49,MNREGA,50321.66,Karnataka
42,VENDOR_14,AYUSHMAN,50148.01,Uttar Pradesh
43,VENDOR_13,PMKISAN,52572.63,Maharashtra
44,VENDOR_17,MNREGA,322847.04,Bihar
45,VENDOR_39,SCHOLARSHIP,76743.92,Rajasthan
46,VENDOR_48,PDS,34181.96,Uttar Pradesh
47,VENDOR_11,PDS,57083.63,Uttar Pradesh
48,VENDOR_50,SCHOLARSHIP,52107.44,West Bengal
49,VENDOR_38,PMKISAN,38871.5,Maharashtra
50,VENDOR_17,AYUSHMAN,37406.8,Tamil Nadu
51,VENDOR_46,PMKISAN,58228.94,Rajasthan
52,VENDOR_17,PDS,61174.07,Bihar
53,VENDOR_4,SCHOLARSHIP,56216.41,Rajasthan
54,VENDOR_47,AYUSHMAN,42042.26,Karnataka
55,VENDOR_17,AYUSHMAN,55847.56,West Bengal
56,VENDOR_20,AYUSHMAN,60377.28,Delhi
57,VENDOR_25,AYUSHMAN,37833.55,Maharashtra
58,VENDOR_29,AYUSHMAN,50465.46,Rajasthan
59,VENDOR_31,SCHOLARSHIP,73169.27,Karnataka
60,VENDOR_44,MNREGA,348365.92,Delhi
61,VENDOR_26,PMKISAN,33897.53,Maharashtra
62,VENDOR_16,PDS,46644.51,West Bengal
63,VENDOR_37,PMKISAN,53228.12,Uttar Pradesh
64,VENDOR_40,PDS,53669.44,West Bengal
65,VENDOR_2,MNREGA,45787.71,Delhi
66,VENDOR_4,SCHOLARSHIP,41737.24,Karnataka
67,VENDOR_12,PMKISAN,27553.43,Maharashtra
68,VENDOR_13,PMKISAN,34523.51,Karnataka
69,VENDOR_14,MNREGA,63748.24,West Bengal
70,VENDOR_16,MNREGA,54266.27,Bihar
71,VENDOR_21,PMKISAN,49800.56,Uttar Pradesh
72,VENDOR_41,PDS,44639.04,Tamil Nadu
73,VENDOR_33,PDS,48992.56,Uttar Pradesh
74,VENDOR_50,PMKISAN,32762.22,Tamil Nadu
75,VENDOR_3,SCHOLARSHIP,69477.86,Karnataka
76,VENDOR_9,PMKISAN,39736.73,Delhi
77,VENDOR_12,SCHOLARSHIP,36038.05,Maharashtra
78,VENDOR_45,PDS,19097.65,Rajasthan
79,VENDOR_43,PMKISAN,33786.63,Maharashtra
80,VENDOR_17,AYUSHMAN,63533.07,Rajasthan
81,VENDOR_1,SCHOLARSHIP,44649.26,Bihar
82,VENDOR_43,MNREGA,32305.05,Delhi
83,VENDOR_49,PDS,51755.32,Delhi
84,VENDOR_15,MNREGA,60222.4,Delhi
85,VENDOR_16,SCHOLARSHIP,63715.69,Rajasthan
86,VENDOR_4,PDS,51844.72,Bihar
87,VENDOR_43,SCHOLARSHIP,45312.7,Bihar
88,VENDOR_7,SCHOLARSHIP,38368.91,Maharashtra
89,VENDOR_29,MNREGA,44675.19,Uttar Pradesh
90,VENDOR_21,AYUSHMAN,45911.67,Delhi
91,VENDOR_44,PMKISAN,43938.07,Karnataka
92,VENDOR_13,SCHOLARSHIP,60816.81,Tamil Nadu
93,VENDOR_35,PDS,38499.08,Maharashtra
94,VENDOR_34,SCHOLARSHIP,50206.73,Uttar Pradesh
95,VENDOR_17,SCHOLARSHIP,39623.35,Bihar
96,VENDOR_11,PMKISAN,59956.12,West Bengal
97,VENDOR_7,SCHOLARSHIP,49527.22,Uttar Pradesh
98,VENDOR_4,SCHOLARSHIP,39465.7,Uttar Pradesh
99,VENDOR_43,PMKISAN,63472.22,Uttar Pradesh
100,VENDOR_30,SCHOLARSHIP,47593.88,Delhi
101,VENDOR_36,SCHOLARSHIP,76849.9,Karnataka
102,VENDOR_21,SCHOLARSHIP,65674.93,Delhi
103,VENDOR_4,PDS,54755.65,Bihar
104,VENDOR_48,PDS,57867.43,Karnataka
105,VENDOR_24,MNREGA,61008.72,West Bengal
106,VENDOR_4,PDS,61276.76,West Bengal
107,VENDOR_37,MNREGA,38503.61,Uttar Pradesh
108,VENDOR_23,MNREGA,46510.26,Tamil Nadu
109,VENDOR_16,AYUSHMAN,66203.81,Tamil Nadu
110,VENDOR_28,MNREGA,42122.93,Maharashtra
111,VENDOR_43,PDS,36920.86,Karnataka
112,VENDOR_38,AYUSHMAN,37134.88,West Bengal
113,VENDOR_24,PDS,55248.08,West Bengal
114,VENDOR_8,SCHOLARSHIP,53142.71,Bihar
115,VENDOR_27,AYUSHMAN,53164.37,Uttar Pradesh
116,VENDOR_29,PDS,309106.03,Uttar Pradesh
117,VENDOR_34,PDS,52334.35,Tamil Nadu
118,VENDOR_1,PDS,26676.07,Uttar Pradesh
119,VENDOR_32,AYUSHMAN,35194.08,Bihar
120,VENDOR_43,SCHOLARSHIP,40522.82,West Bengal
121,VENDOR_23,MNREGA,50168.27,Karnataka
122,VENDOR_21,MNREGA,65136.31,Bihar
123,VENDOR_50,PMKISAN,46062.09,Tamil Nadu
124,VENDOR_25,PDS,53597.43,Bihar
125,VENDOR_11,PDS,23776.15,Maharashtra
126,VENDOR_9,PMKISAN,47626.0,Uttar Pradesh
127,VENDOR_15,MNREGA,39453.6,Bihar
128,VENDOR_12,SCHOLARSHIP,56099.98,West Bengal
129,VENDOR_18,PMKISAN,48797.46,Delhi
130,VENDOR_32,PDS,34535.31,Delhi
131,VENDOR_25,MNREGA,68377.4,Rajasthan
132,VENDOR_4,PDS,32923.23,Maharashtra
133,VENDOR_24,AYUSHMAN,69794.2,Bihar
134,VENDOR_48,MNREGA,45728.55,Bihar
135,VENDOR_16,MNREGA,64900.59,Tamil Nadu
136,VENDOR_9,PMKISAN,77731.06,Rajasthan
137,VENDOR_43,MNREGA,47804.71,Uttar Pradesh
138,VENDOR_3,PDS,21058.02,Rajasthan
139,VENDOR_25,MNREGA,45515.79,Rajasthan
140,VENDOR_42,MNREGA,37649.97,Rajasthan
141,VENDOR_32,PDS,166907.66,Maharashtra
142,VENDOR_1,AYUSHMAN,34714.88,Delhi
143,VENDOR_10,MNREGA,49351.87,Karnataka
144,VENDOR_21,PDS,43278.46,Maharashtra
145,VENDOR_19,PDS,61517.47,West Bengal
146,VENDOR_48,AYUSHMAN,45374.02,West Bengal
147,VENDOR_1,SCHOLARSHIP,32598.46,Tamil Nadu
148,VENDOR_35,MNREGA,43822.08,Maharashtra
149,VENDOR_36,PDS,54015.56,Karnataka
150,VENDOR_11,SCHOLARSHIP,69076.24,Bihar
151,VENDOR_18,SCHOLARSHIP,56714.73,West Bengal
152,VENDOR_27,PDS,53141.84,Maharashtra
153,VENDOR_10,MNREGA,64970.36,West Bengal
154,VENDOR_43,SCHOLARSHIP,50092.64,West Bengal
155,VENDOR_28,MNREGA,321185.62,Uttar Pradesh
156,VENDOR_4,MNREGA,21394.7,Uttar Pradesh
157,VENDOR_45,MNREGA,39822.19,Tamil Nadu
158,VENDOR_41,MNREGA,44786.58,Uttar Pradesh
159,VENDOR_40,AYUSHMAN,60930.17,Delhi
160,VENDOR_19,SCHOLARSHIP,54042.02,Tamil Nadu
161,VENDOR_3,MNREGA,45751.57,Bihar
162,VENDOR_41,AYUSHMAN,54685.3,Delhi
163,VENDOR_18,AYUSHMAN,34380.48,Maharashtra
164,VENDOR_8,PMKISAN,78149.71,Delhi
165,VENDOR_37,PDS,52760.3,Karnataka
166,VENDOR_33,PDS,49932.24,Tamil Nadu
167,VENDOR_25,AYUSHMAN,36553.66,Maharashtra
168,VENDOR_26,SCHOLARSHIP,290151.98,Bihar
169,VENDOR_35,PMKISAN,65784.59,Maharashtra
170,VENDOR_38,PMKISAN,33111.84,Karnataka
171,VENDOR_16,PMKISAN,48553.01,West Bengal
172,VENDOR_42,MNREGA,36503.53,Tamil Nadu
173,VENDOR_26,PDS,57664.66,Maharashtra
174,VENDOR_37,SCHOLARSHIP,45326.22,Tamil Nadu
175,VENDOR_3,SCHOLARSHIP,55074.83,Rajasthan
176,VENDOR_48,AYUSHMAN,38255.18,Rajasthan
177,VENDOR_24,SCHOLARSHIP,54780.28,Karnataka
178,VENDOR_26,PMKISAN,55285.71,Karnataka
179,VENDOR_47,MNREGA,27088.57,Rajasthan
180,VENDOR_38,AYUSHMAN,64468.16,Tamil Nadu
181,VENDOR_5,MNREGA,61930.0,Delhi
182,VENDOR_32,MNREGA,48897.08,Tamil Nadu
183,VENDOR_7,SCHOLARSHIP,50640.79,West Bengal
184,VENDOR_29,SCHOLARSHIP,44004.13,Delhi
185,VENDOR_31,SCHOLARSHIP,36262.51,Karnataka
186,VENDOR_1,PDS,36910.86,Rajasthan
187,VENDOR_2,SCHOLARSHIP,57157.61,Delhi
188,VENDOR_17,PDS,50203.33,Maharashtra
189,VENDOR_39,AYUSHMAN,37289.65,Karnataka
190,VENDOR_33,MNREGA,43787.4,Maharashtra
191,VENDOR_23,PMKISAN,73306.8,Uttar Pradesh
192,VENDOR_12,MNREGA,34864.22,Karnataka
193,VENDOR_39,MNREGA,53475.42,West Bengal
194,VENDOR_27,PMKISAN,39843.32,Delhi
195,VENDOR_22,PMKISAN,45183.36,Uttar Pradesh
196,VENDOR_17,MNREGA,59981.11,Uttar Pradesh
197,VENDOR_22,PMKISAN,57851.59,Bihar
198,VENDOR_36,PDS,56636.41,West Bengal
199,VENDOR_32,PMKISAN,214421.03,West Bengal
200,VENDOR_2,PMKISAN,52771.69,West Bengal
201,VENDOR_6,AYUSHMAN,22948.56,Uttar Pradesh
202,VENDOR_29,PMKISAN,60853.37,Bihar
203,VENDOR_14,SCHOLARSHIP,51095.85,Rajasthan
204,VENDOR_29,PDS,60094.73,Tamil Nadu
205,VENDOR_47,PDS,56499.39,Maharashtra
206,VENDOR_4,AYUSHMAN,31419.19,Maharashtra
207,VENDOR_11,AYUSHMAN,58778.68,Maharashtra
208,VENDOR_21,PDS,33879.39,Delhi
209,VENDOR_18,AYUSHMAN,65439.69,Rajasthan
210,VENDOR_7,PDS,38995.79,Delhi
211,VENDOR_7,SCHOLARSHIP,50273.08,Karnataka
212,VENDOR_8,PDS,48642.33,West Bengal
213,VENDOR_22,PMKISAN,42566.28,Uttar Pradesh
214,VENDOR_8,MNREGA,48616.2,Tamil Nadu
215,VENDOR_3,SCHOLARSHIP,30957.37,Rajasthan
216,VENDOR_49,PMKISAN,66861.74,Maharashtra
217,VENDOR_2,PMKISAN,271706.0,Karnataka
218,VENDOR_31,PDS,60982.52,Maharashtra
219,VENDOR_36,AYUSHMAN,65242.65,Maharashtra
220,VENDOR_12,SCHOLARSHIP,44549.49,West Bengal
221,VENDOR_21,PDS,35846.97,Rajasthan
222,VENDOR_31,MNREGA,51698.82,Uttar Pradesh
223,VENDOR_48,MNREGA,55127.57,Delhi
224,VENDOR_2,AYUSHMAN,43862.68,Bihar
225,VENDOR_4,MNREGA,42515.94,Uttar Pradesh
226,VENDOR_28,SCHOLARSHIP,21917.79,Uttar Pradesh
227,VENDOR_44,PMKISAN,37863.5,Rajasthan
228,VENDOR_25,PMKISAN,45703.49,Maharashtra
229,VENDOR_48,PMKISAN,78013.48,Bihar
230,VENDOR_19,MNREGA,58066.37,Rajasthan
231,VENDOR_40,SCHOLARSHIP,40028.96,Uttar Pradesh
232,VENDOR_12,AYUSHMAN,69489.03,Bihar
233,VENDOR_37,SCHOLARSHIP,58665.47,Uttar Pradesh
234,VENDOR_39,PDS,24295.79,Karnataka
235,VENDOR_12,AYUSHMAN,43554.94,West Bengal
236,VENDOR_20,PDS,37566.65,Karnataka
237,VENDOR_38,PMKISAN,58754.2,West Bengal
238,VENDOR_47,PDS,36446.71,Karnataka
239,VENDOR_1,AYUSHMAN,58612.41,Maharashtra
240,VENDOR_34,PMKISAN,36589.12,West Bengal
241,VENDOR_16,PDS,50432.13,Maharashtra
242,VENDOR_8,SCHOLARSHIP,29337.58,Karnataka
243,VENDOR_14,MNREGA,41611.74,Delhi
244,VENDOR_15,PDS,49579.85,Bihar
245,VENDOR_39,PMKISAN,49463.24,West Bengal
246,VENDOR_4,SCHOLARSHIP,289170.25,West Bengal
247,VENDOR_17,SCHOLARSHIP,47571.03,Uttar Pradesh
248,VENDOR_22,MNREGA,43768.27,West Bengal
249,VENDOR_2,MNREGA,56644.61,Delhi
250,VENDOR_41,PDS,53056.72,Uttar Pradesh
251,VENDOR_29,PDS,52912.62,Delhi
252,VENDOR_23,PDS,54187.23,Karnataka
253,VENDOR_47,PMKISAN,57473.75,Rajasthan
254,VENDOR_2,PDS,62721.94,Maharashtra
255,VENDOR_27,PDS,53006.77,West Bengal
256,VENDOR_15,PMKISAN,36498.2,Tamil Nadu
257,VENDOR_43,PDS,44996.9,Uttar Pradesh
258,VENDOR_4,AYUSHMAN,59760.14,Bihar
259,VENDOR_17,AYUSHMAN,56990.13,Tamil Nadu
260,VENDOR_32,SCHOLARSHIP,38638.18,Rajasthan
261,VENDOR_5,AYUSHMAN,43098.89,Rajasthan
262,VENDOR_18,SCHOLARSHIP,308800.62,Uttar Pradesh
263,VENDOR_50,MNREGA,64980.19,Rajasthan
264,VENDOR_3,SCHOLARSHIP,57235.81,Karnataka
265,VENDOR_3,AYUSHMAN,344459.78,Karnataka
266,VENDOR_49,AYUSHMAN,50419.91,Rajasthan
267,VENDOR_28,SCHOLARSHIP,72041.61,Rajasthan
268,VENDOR_21,PDS,277297.56,Bihar
269,VENDOR_7,AYUSHMAN,51911.32,West Bengal
270,VENDOR_9,PMKISAN,46426.41,Bihar
271,VENDOR_24,PMKISAN,46185.04,Bihar
272,VENDOR_36,MNREGA,23242.5,Uttar Pradesh
273,VENDOR_6,MNREGA,41180.01,West Bengal
274,VENDOR_41,PMKISAN,50509.55,Rajasthan
275,VENDOR_26,SCHOLARSHIP,46399.37,West Bengal
276,VENDOR_34,PMKISAN,45532.97,Karnataka
277,VENDOR_4,PDS,51051.62,Maharashtra
278,VENDOR_11,AYUSHMAN,50252.79,Karnataka
279,VENDOR_32,PDS,53555.27,Delhi
280,VENDOR_44,AYUSHMAN,77867.53,Bihar
281,VENDOR_19,AYUSHMAN,45445.1,Rajasthan
282,VENDOR_22,AYUSHMAN,385651.3,Maharashtra
283,VENDOR_18,MNREGA,33969.95,West Bengal
284,VENDOR_36,PDS,55352.23,Rajasthan
285,VENDOR_35,MNREGA,70957.38,Bihar
286,VENDOR_39,PDS,44676.88,Karnataka
287,VENDOR_45,PDS,45121.61,Bihar
288,VENDOR_50,PDS,40367.58,Rajasthan
289,VENDOR_22,SCHOLARSHIP,41480.43,Maharashtra
290,VENDOR_15,MNREGA,467116.98,Uttar Pradesh
291,VENDOR_15,PMKISAN,60864.6,Rajasthan
292,VENDOR_49,PMKISAN,417578.54,Tamil Nadu
293,VENDOR_21,PMKISAN,466918.72,Karnataka
294,VENDOR_11,SCHOLARSHIP,65767.76,West Bengal
295,VENDOR_33,MNREGA,61659.04,Bihar
296,VENDOR_38,SCHOLARSHIP,66698.76,Karnataka
297,VENDOR_2,PMKISAN,52918.72,Tamil Nadu
298,VENDOR_41,MNREGA,58422.78,Uttar Pradesh
299,VENDOR_1,AYUSHMAN,58117.8,Delhi
300,VENDOR_27,PMKISAN,32307.33,Uttar Pradesh
301,VENDOR_32,PMKISAN,48468.56,Uttar Pradesh
302,VENDOR_38,AYUSHMAN,35938.06,West Bengal
303,VENDOR_28,PMKISAN,55074.19,Karnataka
304,VENDOR_34,MNREGA,40408.46,Maharashtra
305,VENDOR_44,PDS,59055.21,Delhi
306,VENDOR_30,AYUSHMAN,43488.86,Bihar
307,VENDOR_42,PDS,66727.98,Tamil Nadu
308,VENDOR_19,PDS,71857.36,Bihar
309,VENDOR_7,SCHOLARSHIP,47972.63,Tamil Nadu
310,VENDOR_27,AYUSHMAN,51446.09,Rajasthan
311,VENDOR_24,PDS,40221.7,Rajasthan
312,VENDOR_17,PMKISAN,378059.8,West Bengal
313,VENDOR_38,MNREGA,62657.04,Bihar
314,VENDOR_22,PDS,56984.32,Uttar Pradesh
315,VENDOR_50,PDS,51937.2,Maharashtra
316,VENDOR_17,PMKISAN,74648.66,Karnataka
317,VENDOR_45,PMKISAN,66081.96,Karnataka
318,VENDOR_7,PMKISAN,59378.65,Uttar Pradesh
319,VENDOR_3,PDS,57060.43,West Bengal
320,VENDOR_39,PDS,51224.97,Maharashtra
321,VENDOR_24,AYUSHMAN,88677.99,Maharashtra
322,VENDOR_7,PDS,20966.28,Delhi
323,VENDOR_21,PDS,63090.83,Maharashtra
324,VENDOR_46,PDS,43299.02,Tamil Nadu
325,VENDOR_16,PDS,49781.63,Delhi
326,VENDOR_8,AYUSHMAN,34519.04,Karnataka
327,VENDOR_29,AYUSHMAN,402885.06,Uttar Pradesh
328,VENDOR_19,SCHOLARSHIP,50363.35,Maharashtra
329,VENDOR_38,AYUSHMAN,45999.02,Delhi
330,VENDOR_18,AYUSHMAN,45816.2,Delhi
331,VENDOR_14,SCHOLARSHIP,53576.78,Bihar
332,VENDOR_23,PDS,47612.7,Delhi
333,VENDOR_15,SCHOLARSHIP,44263.2,Bihar
334,VENDOR_45,MNREGA,48372.33,Karnataka
335,VENDOR_26,PMKISAN,32081.07,Rajasthan
336,VENDOR_47,MNREGA,273586.08,Rajasthan
337,VENDOR_12,PDS,53859.87,Karnataka
338,VENDOR_7,PDS,48093.48,Rajasthan
339,VENDOR_39,MNREGA,41032.75,Karnataka
340,VENDOR_43,PDS,48517.57,Maharashtra
341,VENDOR_6,AYUSHMAN,55059.09,Tamil Nadu
342,VENDOR_26,SCHOLARSHIP,52814.17,Rajasthan
343,VENDOR_41,PMKISAN,62132.59,Uttar Pradesh
344,VENDOR_10,AYUSHMAN,64235.03,Tamil Nadu
345,VENDOR_19,PMKISAN,45467.46,Delhi
346,VENDOR_38,PDS,25774.34,Karnataka
347,VENDOR_30,SCHOLARSHIP,62362.96,Tamil Nadu
348,VENDOR_47,AYUSHMAN,60376.81,Karnataka
349,VENDOR_6,MNREGA,46212.68,Rajasthan
350,VENDOR_29,SCHOLARSHIP,419884.86,Tamil Nadu
351,VENDOR_41,PDS,31395.0,West Bengal
352,VENDOR_35,MNREGA,342999.11,Karnataka
353,VENDOR_12,AYUSHMAN,41249.33,Maharashtra
354,VENDOR_29,SCHOLARSHIP,54149.92,Bihar
355,VENDOR_19,MNREGA,34706.4,Rajasthan
356,VENDOR_45,PDS,68962.58,Rajasthan
357,VENDOR_4,MNREGA,48244.04,Uttar Pradesh
358,VENDOR_45,PMKISAN,45139.14,Karnataka
359,VENDOR_7,PDS,60540.95,Tamil Nadu
360,VENDOR_12,SCHOLARSHIP,42465.11,Maharashtra
361,VENDOR_36,MNREGA,32867.4,Karnataka
362,VENDOR_12,AYUSHMAN,255745.06,Uttar Pradesh
363,VENDOR_3,MNREGA,39400.84,Maharashtra
364,VENDOR_10,PMKISAN,50973.3,Maharashtra
365,VENDOR_13,MNREGA,38358.03,Tamil Nadu
366,VENDOR_41,PMKISAN,58856.54,Karnataka
367,VENDOR_44,PMKISAN,53204.1,Karnataka
368,VENDOR_20,MNREGA,37060.42,Bihar
369,VENDOR_21,MNREGA,38692.7,Uttar Pradesh
370,VENDOR_26,MNREGA,34902.63,Bihar
371,VENDOR_6,PDS,47203.6,Rajasthan
372,VENDOR_30,MNREGA,75306.15,Karnataka
373,VENDOR_5,PMKISAN,46616.57,Rajasthan
374,VENDOR_5,AYUSHMAN,45928.4,Tamil Nadu
375,VENDOR_46,PDS,44362.29,West Bengal
376,VENDOR_41,AYUSHMAN,55958.62,Tamil Nadu
377,VENDOR_47,PDS,49698.35,Bihar
378,VENDOR_8,PDS,85096.92,Bihar
379,VENDOR_4,SCHOLARSHIP,69516.03,Karnataka
380,VENDOR_11,MNREGA,52807.44,Bihar
381,VENDOR_15,AYUSHMAN,58369.55,Maharashtra
382,VENDOR_1,SCHOLARSHIP,27296.0,West Bengal
383,VENDOR_37,MNREGA,53093.81,West Bengal
384,VENDOR_19,PDS,61514.71,Tamil Nadu
385,VENDOR_5,MNREGA,51893.91,Uttar Pradesh
386,VENDOR_46,AYUSHMAN,64116.68,Tamil Nadu
387,VENDOR_6,SCHOLARSHIP,59037.55,Delhi
388,VENDOR_3,PDS,56997.23,Karnataka
389,VENDOR_41,AYUSHMAN,29474.71,Maharashtra
390,VENDOR_37,AYUSHMAN,41439.03,Karnataka
391,VENDOR_22,PDS,28259.97,Maharashtra
392,VENDOR_26,PMKISAN,68804.06,Karnataka
393,VENDOR_41,MNREGA,33381.61,Uttar Pradesh
394,VENDOR_25,SCHOLARSHIP,53908.62,Karnataka
395,VENDOR_31,AYUSHMAN,42568.21,Uttar Pradesh
396,VENDOR_43,SCHOLARSHIP,51031.99,Maharashtra
397,VENDOR_16,PDS,52789.34,Maharashtra
398,VENDOR_23,PMKISAN,53167.95,Rajasthan
399,VENDOR_43,PDS,43649.64,Tamil Nadu
400,VENDOR_11,SCHOLARSHIP,65156.89,Rajasthan
401,VENDOR_46,SCHOLARSHIP,53277.02,Bihar
402,VENDOR_12,AYUSHMAN,42483.13,Rajasthan
403,VENDOR_46,PDS,303138.67,Rajasthan
404,VENDOR_37,AYUSHMAN,32589.13,West Bengal
405,VENDOR_19,MNREGA,39494.75,Maharashtra
406,VENDOR_13,PMKISAN,24698.38,Karnataka
407,VENDOR_40,SCHOLARSHIP,40547.52,Rajasthan
408,VENDOR_39,SCHOLARSHIP,51293.78,Rajasthan
409,VENDOR_46,AYUSHMAN,46837.37,Bihar
410,VENDOR_45,SCHOLARSHIP,55222.12,Rajasthan
411,VENDOR_11,PDS,52120.33,Rajasthan
412,VENDOR_1,SCHOLARSHIP,304326.04,West Bengal
413,VENDOR_15,MNREGA,50304.89,Bihar
414,VENDOR_14,PDS,49885.97,West Bengal
415,VENDOR_28,AYUSHMAN,54051.4,Tamil Nadu
416,VENDOR_39,MNREGA,44454.26,Tamil Nadu
417,VENDOR_13,PMKISAN,57305.07,Maharashtra
418,VENDOR_18,MNREGA,35387.43,Tamil Nadu
419,VENDOR_22,PMKISAN,52462.41,Bihar
420,VENDOR_13,MNREGA,54190.95,Delhi
421,VENDOR_20,MNREGA,55310.5,Tamil Nadu
422,VENDOR_5,PDS,33253.72,Maharashtra
423,VENDOR_20,MNREGA,35147.38,Tamil Nadu
424,VENDOR_11,SCHOLARSHIP,38753.21,Uttar Pradesh
425,VENDOR_33,AYUSHMAN,35619.97,Karnataka
426,VENDOR_30,AYUSHMAN,61121.93,Karnataka
427,VENDOR_4,PDS,41288.69,Delhi
428,VENDOR_4,PMKISAN,48727.1,Uttar Pradesh
429,VENDOR_49,MNREGA,53106.83,Maharashtra
430,VENDOR_17,PDS,40098.66,Delhi
431,VENDOR_37,SCHOLARSHIP,33657.6,Delhi
432,VENDOR_20,AYUSHMAN,50916.89,Maharashtra
433,VENDOR_38,PDS,281446.8,Tamil Nadu
434,VENDOR_48,SCHOLARSHIP,42782.1,Tamil Nadu
435,VENDOR_26,MNREGA,43744.6,Karnataka
436,VENDOR_43,MNREGA,44431.43,Delhi
437,VENDOR_6,SCHOLARSHIP,54735.75,Tamil Nadu
438,VENDOR_26,SCHOLARSHIP,46406.47,Tamil Nadu
439,VENDOR_27,MNREGA,63396.34,West Bengal
440,VENDOR_10,PDS,61961.95,Delhi
441,VENDOR_50,PDS,26832.57,Tamil Nadu
442,VENDOR_8,SCHOLARSHIP,25577.32,Tamil Nadu
443,VENDOR_11,AYUSHMAN,46657.58,Tamil Nadu
444,VENDOR_21,SCHOLARSHIP,31299.93,Rajasthan
445,VENDOR_43,PDS,46988.61,Tamil Nadu
446,VENDOR_26,PDS,362555.16,Delhi
447,VENDOR_41,PDS,50662.98,Maharashtra
448,VENDOR_37,AYUSHMAN,63871.8,Uttar Pradesh
449,VENDOR_20,SCHOLARSHIP,53009.17,West Bengal
450,VENDOR_15,AYUSHMAN,49389.86,Tamil Nadu
451,VENDOR_38,MNREGA,44343.08,West Bengal
452,VENDOR_26,SCHOLARSHIP,45847.17,West Bengal
453,VENDOR_40,AYUSHMAN,56272.1,Uttar Pradesh
454,VENDOR_4,MNREGA,43744.78,Uttar Pradesh
455,VENDOR_5,PMKISAN,58414.73,West Bengal
456,VENDOR_38,SCHOLARSHIP,34503.08,Tamil Nadu
457,VENDOR_46,PDS,70393.37,Rajasthan
458,VENDOR_21,AYUSHMAN,65908.94,Karnataka
459,VENDOR_24,MNREGA,50394.37,Tamil Nadu
460,VENDOR_7,PMKISAN,52462.62,Karnataka
461,VENDOR_40,SCHOLARSHIP,42003.96,Tamil Nadu
462,VENDOR_11,AYUSHMAN,57872.6,Karnataka
463,VENDOR_34,PDS,60495.19,Karnataka
464,VENDOR_8,SCHOLARSHIP,381053.1,Maharashtra
465,VENDOR_9,MNREGA,62811.7,Maharashtra
466,VENDOR_39,PMKISAN,41205.46,Uttar Pradesh
467,VENDOR_6,PMKISAN,22354.13,Maharashtra
468,VENDOR_32,AYUSHMAN,39805.82,Tamil Nadu
469,VENDOR_35,PMKISAN,55593.58,West Bengal
470,VENDOR_47,PMKISAN,71929.38,Bihar
471,VENDOR_5,AYUSHMAN,39133.76,Delhi
472,VENDOR_32,PDS,56078.84,Uttar Pradesh
473,VENDOR_7,PDS,62281.59,Maharashtra
474,VENDOR_8,SCHOLARSHIP,63971.03,Bihar
475,VENDOR_22,PDS,60266.34,Maharashtra
476,VENDOR_34,PMKISAN,67996.36,Tamil Nadu
477,VENDOR_6,PMKISAN,53365.6,West Bengal
478,VENDOR_31,SCHOLARSHIP,62566.98,Maharashtra
479,VENDOR_23,AYUSHMAN,69468.09,Delhi
480,VENDOR_19,AYUSHMAN,41102.52,Bihar
481,VENDOR_43,PDS,43917.47,Rajasthan
482,VENDOR_40,MNREGA,59178.38,Uttar Pradesh
483,VENDOR_43,SCHOLARSHIP,306668.9,Tamil Nadu
484,VENDOR_5,AYUSHMAN,34373.43,Tamil Nadu
485,VENDOR_36,PMKISAN,36530.65,Tamil Nadu
486,VENDOR_18,SCHOLARSHIP,37288.15,Karnataka
487,VENDOR_4,MNREGA,52888.35,Karnataka
488,VENDOR_29,AYUSHMAN,64912.37,Maharashtra
489,VENDOR_17,MNREGA,37017.69,Rajasthan
490,VENDOR_7,PDS,76444.66,Karnataka
491,VENDOR_25,AYUSHMAN,29842.26,Delhi
492,VENDOR_2,AYUSHMAN,50746.29,Delhi
493,VENDOR_24,MNREGA,44836.8,Rajasthan
494,VENDOR_37,PDS,299910.7,Delhi
495,VENDOR_45,PDS,39782.97,Tamil Nadu
496,VENDOR_34,MNREGA,36312.47,Delhi
497,VENDOR_11,MNREGA,66411.31,Delhi
498,VENDOR_25,SCHOLARSHIP,55795.17,Uttar Pradesh
499,VENDOR_18,SCHOLARSHIP,52822.46,Delhi
500,VENDOR_45,PMKISAN,50717.0,Uttar Pradesh
501,VENDOR_14,PDS,49373.3,Karnataka
502,VENDOR_19,AYUSHMAN,367619.89,Bihar
503,VENDOR_24,AYUSHMAN,73524.56,Uttar Pradesh
504,VENDOR_33,PMKISAN,62139.57,West Bengal
505,VENDOR_25,PDS,38693.53,Delhi
506,VENDOR_48,SCHOLARSHIP,33722.84,West Bengal
507,VENDOR_11,SCHOLARSHIP,57267.2,Delhi
508,VENDOR_14,PDS,280690.49,Karnataka
509,VENDOR_34,PMKISAN,65054.17,Tamil Nadu
510,VENDOR_45,PDS,51854.73,Rajasthan
511,VENDOR_50,AYUSHMAN,44773.94,West Bengal
512,VENDOR_46,AYUSHMAN,56131.75,Uttar Pradesh
513,VENDOR_38,PMKISAN,49267.89,Karnataka
514,VENDOR_13,MNREGA,24391.33,Uttar Pradesh
515,VENDOR_5,AYUSHMAN,38154.12,Delhi
516,VENDOR_21,SCHOLARSHIP,48437.04,Karnataka
517,VENDOR_6,AYUSHMAN,68182.85,Rajasthan
518,VENDOR_46,SCHOLARSHIP,61601.55,Rajasthan
519,VENDOR_20,MNREGA,29244.14,Uttar Pradesh
520,VENDOR_9,AYUSHMAN,57906.94,Rajasthan
521,VENDOR_15,AYUSHMAN,29697.19,West Bengal
522,VENDOR_13,AYUSHMAN,40126.72,Delhi
523,VENDOR_35,MNREGA,50039.43,Uttar Pradesh
524,VENDOR_15,PDS,49892.42,Uttar Pradesh
525,VENDOR_46,AYUSHMAN,190125.76,Uttar Pradesh
526,VENDOR_24,SCHOLARSHIP,21984.85,Karnataka
527,VENDOR_17,SCHOLARSHIP,245543.65,Rajasthan
528,VENDOR_8,MNREGA,43472.18,Delhi
529,VENDOR_33,AYUSHMAN,56167.57,West Bengal
530,VENDOR_6,AYUSHMAN,53108.94,Maharashtra
531,VENDOR_30,MNREGA,61579.37,Karnataka
532,VENDOR_1,MNREGA,48614.52,Tamil Nadu
533,VENDOR_25,MNREGA,48502.64,Karnataka
534,VENDOR_17,AYUSHMAN,384841.46,Tamil Nadu
535,VENDOR_45,PDS,35189.59,Uttar Pradesh
536,VENDOR_40,PDS,48577.44,Karnataka
537,VENDOR_27,AYUSHMAN,367788.39,Tamil Nadu
538,VENDOR_48,SCHOLARSHIP,49428.33,West Bengal
539,VENDOR_17,SCHOLARSHIP,60541.69,West Bengal
540,VENDOR_48,PMKISAN,48985.86,West Bengal
541,VENDOR_40,AYUSHMAN,65210.4,Karnataka
542,VENDOR_11,PMKISAN,48102.9,Karnataka
543,VENDOR_38,SCHOLARSHIP,33574.26,Bihar
544,VENDOR_24,MNREGA,56306.46,Delhi
545,VENDOR_23,AYUSHMAN,67919.11,Bihar
546,VENDOR_3,PDS,22715.69,Karnataka
547,VENDOR_21,PMKISAN,66764.73,Karnataka
548,VENDOR_3,SCHOLARSHIP,317506.62,Uttar Pradesh
549,VENDOR_23,PMKISAN,32233.31,Bihar
550,VENDOR_40,MNREGA,46835.84,Tamil Nadu
551,VENDOR_5,MNREGA,38019.21,West Bengal
552,VENDOR_19,PMKISAN,59948.54,Delhi
553,VENDOR_24,PMKISAN,42810.91,Delhi
554,VENDOR_35,PMKISAN,52522.65,West Bengal
555,VENDOR_38,MNREGA,53465.34,Karnataka
556,VENDOR_44,MNREGA,62633.71,Tamil Nadu
557,VENDOR_29,PMKISAN,49740.41,Karnataka
558,VENDOR_46,AYUSHMAN,63749.08,Uttar Pradesh
559,VENDOR_44,MNREGA,38492.35,Bihar
560,VENDOR_32,AYUSHMAN,53662.78,Delhi
561,VENDOR_6,SCHOLARSHIP,254927.12,Maharashtra
562,VENDOR_5,SCHOLARSHIP,35118.75,Uttar Pradesh
563,VENDOR_43,SCHOLARSHIP,34868.9,Rajasthan
564,VENDOR_43,PDS,48069.86,West Bengal
565,VENDOR_34,PDS,68987.31,Delhi
566,VENDOR_31,MNREGA,46765.5,Uttar Pradesh
567,VENDOR_45,AYUSHMAN,37173.75,Delhi
568,VENDOR_6,PMKISAN,37271.79,Karnataka
569,VENDOR_33,AYUSHMAN,46045.7,Delhi
570,VENDOR_40,MNREGA,61578.96,Rajasthan
571,VENDOR_14,PDS,52758.57,Uttar Pradesh
572,VENDOR_38,SCHOLARSHIP,55653.59,Tamil Nadu
573,VENDOR_33,SCHOLARSHIP,50544.45,Bihar
574,VENDOR_16,AYUSHMAN,47176.21,Karnataka
575,VENDOR_23,AYUSHMAN,33435.42,Bihar
576,VENDOR_48,SCHOLARSHIP,32969.63,Karnataka
577,VENDOR_23,PMKISAN,52845.6,Karnataka
578,VENDOR_12,MNREGA,31674.64,Delhi
579,VENDOR_39,AYUSHMAN,36985.28,Delhi
580,VENDOR_49,PMKISAN,48153.67,Karnataka
581,VENDOR_6,SCHOLARSHIP,362570.77,Bihar
582,VENDOR_21,AYUSHMAN,59691.14,West Bengal
583,VENDOR_17,PDS,52060.06,Karnataka
584,VENDOR_5,SCHOLARSHIP,245493.3,West Bengal
585,VENDOR_34,SCHOLARSHIP,44192.49,Rajasthan
586,VENDOR_47,PMKISAN,47257.3,Delhi
587,VENDOR_20,MNREGA,53108.33,Karnataka
588,VENDOR_50,PMKISAN,64810.97,Delhi
589,VENDOR_19,PMKISAN,40845.69,Uttar Pradesh
590,VENDOR_40,PDS,58555.97,Rajasthan
591,VENDOR_39,MNREGA,76105.7,Maharashtra
592,VENDOR_38,PDS,54709.43,Karnataka
593,VENDOR_50,PMKISAN,46130.69,West Bengal
594,VENDOR_8,SCHOLARSHIP,31926.25,Maharashtra
595,VENDOR_50,AYUSHMAN,30272.17,Karnataka
596,VENDOR_17,SCHOLARSHIP,52823.66,Tamil Nadu
597,VENDOR_27,MNREGA,50114.06,Rajasthan
598,VENDOR_47,MNREGA,46706.95,Tamil Nadu
599,VENDOR_39,PDS,46805.31,Bihar
600,VENDOR_35,PDS,45172.06,Rajasthan
601,VENDOR_32,SCHOLARSHIP,339040.4,Delhi
602,VENDOR_37,SCHOLARSHIP,74915.47,Uttar Pradesh
603,VENDOR_50,PDS,61619.41,Bihar
604,VENDOR_21,MNREGA,59343.3,Maharashtra
605,VENDOR_1,SCHOLARSHIP,60227.93,Maharashtra
606,VENDOR_44,AYUSHMAN,76836.61,Delhi
607,VENDOR_45,AYUSHMAN,65316.63,Rajasthan
608,VENDOR_41,AYUSHMAN,47685.71,West Bengal
609,VENDOR_4,PMKISAN,57358.79,Maharashtra
610,VENDOR_43,PDS,25733.97,Rajasthan
611,VENDOR_19,PMKISAN,44082.58,Tamil Nadu
612,VENDOR_10,SCHOLARSHIP,66287.42,West Bengal
613,VENDOR_36,SCHOLARSHIP,62145.7,Karnataka
614,VENDOR_19,PMKISAN,35810.19,Karnataka
615,VENDOR_33,PDS,59164.35,Rajasthan
616,VENDOR_8,PMKISAN,47233.49,Rajasthan
617,VENDOR_5,PMKISAN,31497.62,Tamil Nadu
618,VENDOR_6,AYUSHMAN,69671.76,Maharashtra
619,VENDOR_6,PDS,60089.63,West Bengal
620,VENDOR_37,AYUSHMAN,41352.79,West Bengal
621,VENDOR_28,MNREGA,51328.95,Bihar
622,VENDOR_10,MNREGA,48275.03,Karnataka
623,VENDOR_14,MNREGA,34417.56,Maharashtra
624,VENDOR_47,PMKISAN,40262.63,Maharashtra
625,VENDOR_7,MNREGA,54082.48,Delhi
626,VENDOR_11,PDS,40323.24,Bihar
627,VENDOR_46,PDS,51619.35,Delhi
628,VENDOR_44,SCHOLARSHIP,54775.71,Tamil Nadu
629,VENDOR_32,PMKISAN,29510.77,Bihar
630,VENDOR_16,PMKISAN,19744.18,Delhi
631,VENDOR_7,PMKISAN,48397.68,Tamil Nadu
632,VENDOR_32,PDS,52746.91,Tamil Nadu
633,VENDOR_20,AYUSHMAN,40508.69,Uttar Pradesh
634,VENDOR_23,MNREGA,52296.64,Uttar Pradesh
635,VENDOR_24,AYUSHMAN,78805.07,Maharashtra
636,VENDOR_32,PMKISAN,83116.73,Tamil Nadu
637,VENDOR_49,AYUSHMAN,67421.43,Karnataka
638,VENDOR_13,SCHOLARSHIP,53299.86,Rajasthan
639,VENDOR_43,MNREGA,58626.93,Delhi
640,VENDOR_21,PDS,66845.19,Bihar
641,VENDOR_3,SCHOLARSHIP,46231.24,West Bengal
642,VENDOR_17,SCHOLARSHIP,57945.69,Uttar Pradesh
643,VENDOR_47,SCHOLARSHIP,16154.08,Tamil Nadu
644,VENDOR_11,PMKISAN,50575.42,Uttar Pradesh
645,VENDOR_36,AYUSHMAN,68478.0,Tamil Nadu
646,VENDOR_3,SCHOLARSHIP,55168.62,West Bengal
647,VENDOR_30,AYUSHMAN,48756.89,West Bengal
648,VENDOR_4,PMKISAN,54551.61,Uttar Pradesh
649,VENDOR_42,PDS,52374.28,Rajasthan
650,VENDOR_33,AYUSHMAN,322650.8,Delhi
651,VENDOR_11,SCHOLARSHIP,399868.9,Uttar Pradesh
652,VENDOR_43,MNREGA,51452.97,Karnataka
653,VENDOR_9,SCHOLARSHIP,49317.58,Karnataka
654,VENDOR_48,AYUSHMAN,39440.97,Maharashtra
655,VENDOR_2,PDS,42767.33,Tamil Nadu
656,VENDOR_13,MNREGA,48866.33,West Bengal
657,VENDOR_36,MNREGA,58750.12,Uttar Pradesh
658,VENDOR_6,SCHOLARSHIP,39383.69,Tamil Nadu
659,VENDOR_37,MNREGA,65518.0,Uttar Pradesh
660,VENDOR_21,PMKISAN,47144.79,Uttar Pradesh
661,VENDOR_7,AYUSHMAN,47563.34,West Bengal
662,VENDOR_38,MNREGA,30721.4,Rajasthan
663,VENDOR_16,MNREGA,47315.92,Maharashtra
664,VENDOR_36,PMKISAN,49390.89,Bihar
665,VENDOR_43,SCHOLARSHIP,54906.39,Uttar Pradesh
666,VENDOR_29,MNREGA,56970.37,Tamil Nadu
667,VENDOR_47,PDS,42215.88,Delhi
668,VENDOR_27,SCHOLARSHIP,26785.26,Bihar
669,VENDOR_34,PMKISAN,54365.93,Rajasthan
670,VENDOR_28,PDS,68444.16,Uttar Pradesh
671,VENDOR_12,PMKISAN,46382.11,Maharashtra
672,VENDOR_18,PMKISAN,43868.89,Uttar Pradesh
673,VENDOR_48,PMKISAN,55181.67,Bihar
674,VENDOR_9,SCHOLARSHIP,57600.01,Maharashtra
675,VENDOR_13,AYUSHMAN,75628.18,Bihar
676,VENDOR_3,PMKISAN,33681.51,Karnataka
677,VENDOR_20,SCHOLARSHIP,16279.1,Maharashtra
678,VENDOR_46,PMKISAN,68784.74,Maharashtra
679,VENDOR_33,SCHOLARSHIP,52860.76,Uttar Pradesh
680,VENDOR_45,PDS,33749.32,Bihar
681,VENDOR_19,PDS,42596.23,Maharashtra
682,VENDOR_17,SCHOLARSHIP,28736.93,Uttar Pradesh
683,VENDOR_48,PMKISAN,38158.06,Tamil Nadu
684,VENDOR_50,PDS,27884.3,Bihar
685,VENDOR_24,MNREGA,40507.71,Karnataka
686,VENDOR_50,MNREGA,47203.67,Maharashtra
687,VENDOR_38,PDS,35699.62,Tamil Nadu
688,VENDOR_16,PDS,49131.05,Tamil Nadu
689,VENDOR_48,PMKISAN,47213.89,Delhi
690,VENDOR_48,MNREGA,29834.76,Tamil Nadu
691,VENDOR_32,SCHOLARSHIP,48292.58,Rajasthan
692,VENDOR_15,SCHOLARSHIP,46556.37,Delhi
693,VENDOR_10,PMKISAN,61050.41,Delhi
694,VENDOR_23,AYUSHMAN,28771.11,Rajasthan
695,VENDOR_48,SCHOLARSHIP,70259.56,West Bengal
696,VENDOR_6,AYUSHMAN,54812.83,Karnataka
697,VENDOR_37,PMKISAN,53036.97,Karnataka
698,VENDOR_40,MNREGA,49993.66,Maharashtra
699,VENDOR_35,SCHOLARSHIP,304716.04,Delhi
700,VENDOR_14,SCHOLARSHIP,252843.55,West Bengal
701,VENDOR_22,PMKISAN,55230.16,Tamil Nadu
702,VENDOR_17,AYUSHMAN,37587.93,Tamil Nadu
703,VENDOR_17,AYUSHMAN,331859.17,Karnataka
704,VENDOR_46,SCHOLARSHIP,58834.27,West Bengal
705,VENDOR_36,SCHOLARSHIP,56314.47,West Bengal
706,VENDOR_47,AYUSHMAN,303924.65,Rajasthan
707,VENDOR_23,MNREGA,56514.48,Rajasthan
708,VENDOR_37,AYUSHMAN,55396.39,Bihar
709,VENDOR_39,MNREGA,32050.51,Maharashtra
710,VENDOR_4,SCHOLARSHIP,57883.62,Karnataka
711,VENDOR_39,PDS,411867.31,Maharashtra
712,VENDOR_7,AYUSHMAN,51695.04,Uttar Pradesh
713,VENDOR_19,MNREGA,35942.98,West Bengal
714,VENDOR_35,MNREGA,46942.6,Karnataka
715,VENDOR_38,PDS,33285.77,Uttar Pradesh
716,VENDOR_48,PDS,42942.35,Uttar Pradesh
717,VENDOR_50,PMKISAN,53202.89,Uttar Pradesh
718,VENDOR_19,MNREGA,65489.04,Karnataka
719,VENDOR_26,MNREGA,58060.85,Rajasthan
720,VENDOR_8,PDS,32654.0,Uttar Pradesh
721,VENDOR_42,PDS,74050.14,West Bengal
722,VENDOR_6,PMKISAN,26965.61,Bihar
723,VENDOR_22,SCHOLARSHIP,56242.27,Bihar
724,VENDOR_47,PMKISAN,44990.72,West Bengal
725,VENDOR_22,PDS,56181.35,Maharashtra
726,VENDOR_47,PMKISAN,316441.11,Rajasthan
727,VENDOR_17,PDS,34133.29,Delhi
728,VENDOR_24,PDS,53437.14,Tamil Nadu
729,VENDOR_2,PMKISAN,63190.41,West Bengal
730,VENDOR_21,PMKISAN,53627.26,Rajasthan
731,VENDOR_29,PMKISAN,68379.0,Uttar Pradesh
732,VENDOR_40,PDS,54397.98,Rajasthan
733,VENDOR_19,PDS,23469.7,Uttar Pradesh
734,VENDOR_40,AYUSHMAN,45308.87,Karnataka
735,VENDOR_27,PMKISAN,47557.88,West Bengal
736,VENDOR_19,PMKISAN,17104.4,Karnataka
737,VENDOR_41,PDS,38112.26,Bihar
738,VENDOR_37,SCHOLARSHIP,44535.93,Bihar
739,VENDOR_34,MNREGA,65436.44,Tamil Nadu
740,VENDOR_11,PDS,63578.78,Uttar Pradesh
741,VENDOR_15,MNREGA,47245.15,Maharashtra
742,VENDOR_37,PMKISAN,51222.64,Bihar
743,VENDOR_16,AYUSHMAN,49646.55,West Bengal
744,VENDOR_47,PMKISAN,45841.8,Uttar Pradesh
745,VENDOR_3,AYUSHMAN,18509.39,Maharashtra
746,VENDOR_3,SCHOLARSHIP,44405.09,Maharashtra
747,VENDOR_32,AYUSHMAN,35494.22,Delhi
748,VENDOR_3,SCHOLARSHIP,42079.51,Maharashtra
749,VENDOR_26,AYUSHMAN,21747.68,Karnataka
750,VENDOR_42,AYUSHMAN,264538.28,Bihar
751,VENDOR_34,PDS,50322.46,Maharashtra
752,VENDOR_35,PDS,71240.27,Tamil Nadu
753,VENDOR_9,PMKISAN,54629.05,Maharashtra
754,VENDOR_23,AYUSHMAN,63384.99,Uttar Pradesh
755,VENDOR_34,PDS,47134.26,Karnataka
756,VENDOR_17,MNREGA,35081.17,Bihar
757,VENDOR_7,AYUSHMAN,63422.74,West Bengal
758,VENDOR_6,MNREGA,48540.68,Tamil Nadu
759,VENDOR_25,PMKISAN,50621.47,Uttar Pradesh
760,VENDOR_23,MNREGA,47422.47,Karnataka
761,VENDOR_9,AYUSHMAN,60509.92,Delhi
762,VENDOR_9,SCHOLARSHIP,47565.66,Maharashtra
763,VENDOR_49,AYUSHMAN,46426.0,Rajasthan
764,VENDOR_23,PMKISAN,60954.84,Tamil Nadu
765,VENDOR_43,PDS,42992.89,Tamil Nadu
766,VENDOR_50,SCHOLARSHIP,42704.71,Uttar Pradesh
767,VENDOR_27,AYUSHMAN,52880.47,Uttar Pradesh
768,VENDOR_31,PMKISAN,50695.23,West Bengal
769,VENDOR_17,SCHOLARSHIP,24380.18,Rajasthan
770,VENDOR_5,PMKISAN,267409.42,Karnataka
771,VENDOR_13,PMKISAN,39719.68,Karnataka
772,VENDOR_9,SCHOLARSHIP,59855.92,West Bengal
773,VENDOR_47,PDS,61983.2,Rajasthan
774,VENDOR_21,PDS,58428.13,Maharashtra
775,VENDOR_44,AYUSHMAN,35587.11,Tamil Nadu
776,VENDOR_14,PDS,44678.36,Tamil Nadu
777,VENDOR_23,PDS,62276.87,Uttar Pradesh
778,VENDOR_15,MNREGA,44547.77,Delhi
779,VENDOR_27,SCHOLARSHIP,45636.71,Rajasthan
780,VENDOR_18,SCHOLARSHIP,53152.69,Karnataka
781,VENDOR_38,PDS,43296.76,Delhi
782,VENDOR_11,PDS,45912.39,Uttar Pradesh
783,VENDOR_12,PDS,56594.65,Karnataka
784,VENDOR_43,AYUSHMAN,281841.34,West Bengal
785,VENDOR_15,AYUSHMAN,65233.52,West Bengal
786,VENDOR_4,MNREGA,58569.47,Uttar Pradesh
787,VENDOR_1,PDS,28191.9,Delhi
788,VENDOR_18,SCHOLARSHIP,48699.56,Karnataka
789,VENDOR_35,AYUSHMAN,62289.42,Delhi
790,VENDOR_30,PMKISAN,58244.48,Karnataka
791,VENDOR_41,SCHOLARSHIP,48006.66,Rajasthan
792,VENDOR_4,AYUSHMAN,62424.36,Karnataka
793,VENDOR_1,AYUSHMAN,43512.7,Delhi
794,VENDOR_44,PDS,55391.15,Bihar
795,VENDOR_40,PMKISAN,63316.87,Maharashtra
796,VENDOR_24,PMKISAN,39948.28,Delhi
797,VENDOR_26,MNREGA,330711.33,Delhi
798,VENDOR_40,MNREGA,53196.94,Tamil Nadu
799,VENDOR_11,SCHOLARSHIP,53408.29,Karnataka
800,VENDOR_1,PDS,65806.14,Rajasthan
801,VENDOR_1,AYUSHMAN,46504.95,Uttar Pradesh
802,VENDOR_47,MNREGA,40722.06,Rajasthan
803,VENDOR_48,PDS,53186.56,Maharashtra
804,VENDOR_14,MNREGA,17229.04,Bihar
805,VENDOR_16,SCHOLARSHIP,44056.68,West Bengal
806,VENDOR_30,MNREGA,56514.08,West Bengal
807,VENDOR_16,SCHOLARSHIP,43772.57,Maharashtra
808,VENDOR_32,AYUSHMAN,56169.37,West Bengal
809,VENDOR_4,AYUSHMAN,46889.08,Bihar
810,VENDOR_6,MNREGA,40020.29,Tamil Nadu
811,VENDOR_31,PDS,38326.94,Maharashtra
812,VENDOR_40,SCHOLARSHIP,52174.38,Uttar Pradesh
813,VENDOR_48,PDS,48226.31,Tamil Nadu
814,VENDOR_10,PMKISAN,35204.52,Bihar
815,VENDOR_23,PDS,56963.76,Delhi
816,VENDOR_36,PDS,51683.43,Karnataka
817,VENDOR_19,SCHOLARSHIP,50965.05,Delhi
818,VENDOR_32,SCHOLARSHIP,66338.06,Tamil Nadu
819,VENDOR_18,MNREGA,20440.1,Uttar Pradesh
820,VENDOR_30,PMKISAN,71648.11,Bihar
821,VENDOR_3,SCHOLARSHIP,47679.45,Delhi
822,VENDOR_37,SCHOLARSHIP,43415.51,West Bengal
823,VENDOR_38,AYUSHMAN,58145.28,Bihar
824,VENDOR_42,AYUSHMAN,51278.86,Bihar
825,VENDOR_37,MNREGA,63885.19,Bihar
826,VENDOR_21,MNREGA,49292.23,Tamil Nadu
827,VENDOR_20,PDS,60078.38,Delhi
828,VENDOR_26,PMKISAN,40704.93,Maharashtra
829,VENDOR_24,AYUSHMAN,51606.69,Tamil Nadu
830,VENDOR_19,AYUSHMAN,57719.21,Bihar
831,VENDOR_6,AYUSHMAN,63125.88,West Bengal
832,VENDOR_44,MNREGA,41124.32,Maharashtra
833,VENDOR_35,SCHOLARSHIP,57150.94,Bihar
834,VENDOR_22,PMKISAN,30767.91,Delhi
835,VENDOR_19,SCHOLARSHIP,57172.42,Bihar
836,VENDOR_7,PMKISAN,37579.8,Delhi
837,VENDOR_29,MNREGA,59318.85,Bihar
838,VENDOR_23,MNREGA,51210.0,West Bengal
839,VENDOR_37,MNREGA,49382.88,Tamil Nadu
840,VENDOR_47,PMKISAN,53605.51,Rajasthan
841,VENDOR_35,PMKISAN,29714.27,Uttar Pradesh
842,VENDOR_3,AYUSHMAN,54317.11,Uttar Pradesh
843,VENDOR_29,MNREGA,36419.55,West Bengal
844,VENDOR_43,SCHOLARSHIP,52242.82,Uttar Pradesh
845,VENDOR_5,MNREGA,47228.17,West Bengal
846,VENDOR_23,PDS,58232.67,Maharashtra
847,VENDOR_19,SCHOLARSHIP,37616.93,Karnataka
848,VENDOR_39,AYUSHMAN,65751.03,Karnataka
849,VENDOR_44,PMKISAN,235651.89,Karnataka
850,VENDOR_9,PMKISAN,25227.63,Rajasthan
851,VENDOR_32,SCHOLARSHIP,50768.52,Delhi
852,VENDOR_14,SCHOLARSHIP,71873.38,West Bengal
853,VENDOR_2,MNREGA,55765.58,Uttar Pradesh
854,VENDOR_23,PDS,24319.67,Tamil Nadu
855,VENDOR_41,MNREGA,45902.13,West Bengal
856,VENDOR_17,MNREGA,50937.38,Karnataka
857,VENDOR_21,PMKISAN,42324.79,Tamil Nadu
858,VENDOR_21,MNREGA,39152.92,Uttar Pradesh
859,VENDOR_11,PDS,36808.36,West Bengal
860,VENDOR_10,PMKISAN,65680.8,West Bengal
861,VENDOR_40,AYUSHMAN,57676.12,Tamil Nadu
862,VENDOR_24,MNREGA,401018.89,Tamil Nadu
863,VENDOR_40,AYUSHMAN,43597.39,Maharashtra
864,VENDOR_43,PMKISAN,57826.18,Bihar
865,VENDOR_14,MNREGA,49588.65,Uttar Pradesh
866,VENDOR_26,MNREGA,48184.77,Tamil Nadu
867,VENDOR_1,MNREGA,40976.87,Uttar Pradesh
868,VENDOR_10,MNREGA,32341.13,Maharashtra
869,VENDOR_46,SCHOLARSHIP,48550.74,Maharashtra
870,VENDOR_46,PDS,51352.67,Uttar Pradesh
871,VENDOR_33,MNREGA,52310.04,Karnataka
872,VENDOR_13,PDS,46940.44,Tamil Nadu
873,VENDOR_42,PDS,48450.13,Delhi
874,VENDOR_40,SCHOLARSHIP,72532.6,West Bengal
875,VENDOR_41,PMKISAN,64490.63,Rajasthan
876,VENDOR_49,PDS,44162.93,Rajasthan
877,VENDOR_45,SCHOLARSHIP,31586.08,Uttar Pradesh
878,VENDOR_31,MNREGA,56391.1,Rajasthan
879,VENDOR_7,SCHOLARSHIP,38121.31,Maharashtra
880,VENDOR_3,SCHOLARSHIP,49976.45,Uttar Pradesh
881,VENDOR_10,AYUSHMAN,59548.19,Karnataka
882,VENDOR_47,AYUSHMAN,55942.16,Uttar Pradesh
883,VENDOR_1,SCHOLARSHIP,49790.09,Rajasthan
884,VENDOR_5,SCHOLARSHIP,74173.52,Tamil Nadu
885,VENDOR_5,AYUSHMAN,62549.58,Delhi
886,VENDOR_46,SCHOLARSHIP,56570.53,Rajasthan
887,VENDOR_37,AYUSHMAN,38664.9,Bihar
888,VENDOR_10,MNREGA,53367.11,Delhi
889,VENDOR_32,AYUSHMAN,40220.97,Maharashtra
890,VENDOR_24,MNREGA,255443.71,Maharashtra
891,VENDOR_11,AYUSHMAN,50404.91,Rajasthan
892,VENDOR_5,AYUSHMAN,58730.56,Tamil Nadu
893,VENDOR_33,MNREGA,48303.31,Tamil Nadu
894,VENDOR_31,SCHOLARSHIP,57851.03,West Bengal
895,VENDOR_47,PMKISAN,41638.65,Rajasthan
896,VENDOR_6,SCHOLARSHIP,85387.38,Tamil Nadu
897,VENDOR_6,MNREGA,55470.51,Delhi
898,VENDOR_41,MNREGA,35298.04,Uttar Pradesh
899,VENDOR_18,SCHOLARSHIP,62946.21,Uttar Pradesh
900,VENDOR_27,SCHOLARSHIP,41022.12,Rajasthan
901,VENDOR_16,SCHOLARSHIP,40443.86,Tamil Nadu
902,VENDOR_28,AYUSHMAN,54229.88,Rajasthan
903,VENDOR_4,PMKISAN,69575.82,Karnataka
904,VENDOR_1,SCHOLARSHIP,44510.38,Bihar
905,VENDOR_27,MNREGA,432966.94,Tamil Nadu
906,VENDOR_34,PMKISAN,54949.66,Tamil Nadu
907,VENDOR_14,AYUSHMAN,62535.41,Tamil Nadu
908,VENDOR_3,PDS,41270.6,Maharashtra
909,VENDOR_18,MNREGA,50217.49,Delhi
910,VENDOR_19,PDS,53767.35,Delhi
911,VENDOR_9,MNREGA,31015.82,Maharashtra
912,VENDOR_15,MNREGA,53154.64,Tamil Nadu
913,VENDOR_11,SCHOLARSHIP,238062.27,Maharashtra
914,VENDOR_18,PDS,50488.7,Bihar
915,VENDOR_22,PMKISAN,62738.32,Delhi
916,VENDOR_27,PMKISAN,69188.11,Delhi
917,VENDOR_8,MNREGA,50708.21,West Bengal
918,VENDOR_41,SCHOLARSHIP,37349.84,Delhi
919,VENDOR_4,PDS,41857.47,Maharashtra
920,VENDOR_23,SCHOLARSHIP,47314.91,Maharashtra
921,VENDOR_36,MNREGA,53553.43,Uttar Pradesh
922,VENDOR_37,PMKISAN,60696.49,Uttar Pradesh
923,VENDOR_42,PMKISAN,32783.22,Tamil Nadu
924,VENDOR_17,PDS,35002.35,Karnataka
925,VENDOR_8,PMKISAN,42294.35,Uttar Pradesh
926,VENDOR_32,SCHOLARSHIP,65534.12,Karnataka
927,VENDOR_34,PDS,50290.47,Uttar Pradesh
928,VENDOR_12,PDS,60414.33,Bihar
929,VENDOR_28,PDS,56766.78,Bihar
930,VENDOR_33,SCHOLARSHIP,57870.78,Rajasthan
931,VENDOR_45,PMKISAN,284076.55,Uttar Pradesh
932,VENDOR_32,MNREGA,59365.36,Maharashtra
933,VENDOR_26,SCHOLARSHIP,35266.37,Bihar
934,VENDOR_16,SCHOLARSHIP,53718.18,Bihar
935,VENDOR_2,MNREGA,36124.6,Tamil Nadu
936,VENDOR_40,SCHOLARSHIP,65216.89,Uttar Pradesh
937,VENDOR_28,AYUSHMAN,41857.5,Maharashtra
938,VENDOR_29,MNREGA,55441.55,Bihar
939,VENDOR_39,PDS,60484.34,Rajasthan
940,VENDOR_2,MNREGA,57189.72,Rajasthan
941,VENDOR_14,AYUSHMAN,355707.75,Bihar
942,VENDOR_33,SCHOLARSHIP,49764.92,Bihar
943,VENDOR_14,PDS,54747.98,West Bengal
944,VENDOR_9,PMKISAN,35205.77,Uttar Pradesh
945,VENDOR_10,PMKISAN,62291.82,Rajasthan
946,VENDOR_6,SCHOLARSHIP,51546.8,Bihar
947,VENDOR_20,SCHOLARSHIP,63784.94,Bihar
948,VENDOR_34,MNREGA,66186.63,Karnataka
949,VENDOR_27,PDS,63137.65,Uttar Pradesh
950,VENDOR_11,PDS,57648.98,Delhi
951,VENDOR_20,PMKISAN,50615.77,Rajasthan
952,VENDOR_24,AYUSHMAN,48010.48,Bihar
953,VENDOR_10,MNREGA,38642.42,Delhi
954,VENDOR_18,MNREGA,58187.29,Maharashtra
955,VENDOR_14,PMKISAN,26373.62,Rajasthan
956,VENDOR_25,PDS,62020.41,Rajasthan
957,VENDOR_46,PMKISAN,63494.34,Tamil Nadu
958,VENDOR_42,AYUSHMAN,40435.04,Tamil Nadu
959,VENDOR_29,MNREGA,49636.47,Rajasthan
960,VENDOR_38,PMKISAN,67837.68,Uttar Pradesh
961,VENDOR_10,PMKISAN,43310.51,Bihar
962,VENDOR_35,PDS,33315.18,Maharashtra
963,VENDOR_32,MNREGA,43670.74,Rajasthan
964,VENDOR_45,MNREGA,65291.85,Maharashtra
965,VENDOR_35,PDS,33516.69,Tamil Nadu
966,VENDOR_7,SCHOLARSHIP,44975.55,Delhi
967,VENDOR_50,AYUSHMAN,42103.96,West Bengal
968,VENDOR_5,MNREGA,59222.15,West Bengal
969,VENDOR_28,PMKISAN,312525.25,Bihar
970,VENDOR_28,SCHOLARSHIP,43201.29,Delhi
971,VENDOR_41,AYUSHMAN,52056.1,Tamil Nadu
972,VENDOR_50,PDS,44432.76,Maharashtra
973,VENDOR_36,PDS,54591.66,Bihar
974,VENDOR_10,MNREGA,38208.72,Bihar
975,VENDOR_4,MNREGA,44015.24,Tamil Nadu
976,VENDOR_45,MNREGA,431522.54,Uttar Pradesh
977,VENDOR_38,PDS,38347.56,Karnataka
978,VENDOR_40,PMKISAN,60472.49,Tamil Nadu
979,VENDOR_20,MNREGA,45789.76,Rajasthan
980,VENDOR_19,PMKISAN,49135.73,Tamil Nadu
981,VENDOR_23,AYUSHMAN,249246.34,Delhi
982,VENDOR_15,SCHOLARSHIP,19361.91,West Bengal
983,VENDOR_27,SCHOLARSHIP,36819.6,West Bengal
984,VENDOR_30,PDS,69745.38,Delhi
985,VENDOR_20,PDS,45039.7,Tamil Nadu
986,VENDOR_33,SCHOLARSHIP,56450.31,West Bengal
987,VENDOR_46,AYUSHMAN,80926.03,Tamil Nadu
988,VENDOR_1,MNREGA,40988.85,Karnataka
989,VENDOR_31,SCHOLARSHIP,55625.97,West Bengal
990,VENDOR_48,AYUSHMAN,45410.38,Delhi
991,VENDOR_3,SCHOLARSHIP,50130.87,Bihar
992,VENDOR_2,PDS,45611.46,Bihar
993,VENDOR_48,AYUSHMAN,57236.58,Karnataka
994,VENDOR_26,SCHOLARSHIP,54626.57,Maharashtra
995,VENDOR_44,PDS,49023.7,Tamil Nadu
996,VENDOR_16,SCHOLARSHIP,55443.62,Uttar Pradesh
997,VENDOR_46,PMKISAN,39607.84,Tamil Nadu
998,VENDOR_35,PDS,70108.25,Uttar Pradesh
999,VENDOR_33,AYUSHMAN,29702.23,Delhi
1000,VENDOR_16,PMKISAN,54879.17,West Bengal
1001,VENDOR_6,AYUSHMAN,38355.41,Delhi
1002,VENDOR_18,AYUSHMAN,51151.67,Delhi
1003,VENDOR_26,PDS,43976.24,Tamil Nadu
1004,VENDOR_12,PMKISAN,53379.81,West Bengal
1005,VENDOR_38,MNREGA,64485.52,Bihar
1006,VENDOR_5,PMKISAN,75328.22,Uttar Pradesh
1007,VENDOR_28,AYUSHMAN,39810.19,Bihar
1008,VENDOR_28,AYUSHMAN,52304.91,Delhi
1009,VENDOR_2,PMKISAN,67552.93,West Bengal
1010,VENDOR_35,AYUSHMAN,44655.01,Rajasthan
1011,VENDOR_9,MNREGA,70170.57,Rajasthan
1012,VENDOR_38,AYUSHMAN,56529.65,Tamil Nadu
1013,VENDOR_10,PMKISAN,50689.21,Maharashtra
1014,VENDOR_19,PDS,59508.68,West Bengal
1015,VENDOR_9,MNREGA,37973.64,West Bengal
1016,VENDOR_5,MNREGA,51119.67,Bihar
1017,VENDOR_33,PMKISAN,65964.31,Rajasthan
1018,VENDOR_18,MNREGA,49986.38,Maharashtra
1019,VENDOR_40,MNREGA,46955.04,Bihar
1020,VENDOR_1,SCHOLARSHIP,47984.16,Rajasthan
1021,VENDOR_31,PDS,54354.93,Bihar
1022,VENDOR_48,AYUSHMAN,47130.78,Uttar Pradesh
1023,VENDOR_12,PMKISAN,49983.41,Delhi
1024,VENDOR_39,AYUSHMAN,325861.9,Uttar Pradesh
1025,VENDOR_10,MNREGA,57109.49,Rajasthan
1026,VENDOR_28,SCHOLARSHIP,49154.99,Uttar Pradesh
1027,VENDOR_41,MNREGA,262438.84,West Bengal
1028,VENDOR_39,PMKISAN,35380.54,Rajasthan
1029,VENDOR_18,SCHOLARSHIP,39337.95,Karnataka
1030,VENDOR_19,SCHOLARSHIP,53603.2,Maharashtra
1031,VENDOR_26,SCHOLARSHIP,52619.65,Delhi
1032,VENDOR_24,PDS,239396.21,Tamil Nadu
1033,VENDOR_23,PMKISAN,43715.33,Rajasthan
1034,VENDOR_16,AYUSHMAN,51438.9,Uttar Pradesh
1035,VENDOR_30,SCHOLARSHIP,54746.57,Rajasthan
1036,VENDOR_19,PMKISAN,51138.64,Delhi
1037,VENDOR_27,MNREGA,34992.86,Uttar Pradesh
1038,VENDOR_9,SCHOLARSHIP,64094.87,Uttar Pradesh
1039,VENDOR_5,MNREGA,63390.14,Bihar
1040,VENDOR_7,SCHOLARSHIP,335909.73,Uttar Pradesh
1041,VENDOR_11,MNREGA,61019.37,Rajasthan
1042,VENDOR_1,PMKISAN,264153.5,Delhi
1043,VENDOR_47,PMKISAN,76298.56,Uttar Pradesh
1044,VENDOR_25,PDS,74039.02,Tamil Nadu
1045,VENDOR_32,SCHOLARSHIP,48586.63,Delhi
1046,VENDOR_27,PDS,66840.92,West Bengal
1047,VENDOR_40,PMKISAN,75176.05,Karnataka
1048,VENDOR_3,MNREGA,23596.33,Bihar
1049,VENDOR_29,SCHOLARSHIP,71450.67,Uttar Pradesh
1050,VENDOR_18,AYUSHMAN,46353.28,West Bengal
1051,VENDOR_43,PDS,31921.01,West Bengal
1052,VENDOR_7,PDS,259204.07,Karnataka
1053,VENDOR_46,MNREGA,55506.18,Delhi
1054,VENDOR_25,PMKISAN,52789.85,Tamil Nadu
1055,VENDOR_34,AYUSHMAN,65468.26,Delhi
1056,VENDOR_29,SCHOLARSHIP,30351.96,Uttar Pradesh
1057,VENDOR_16,SCHOLARSHIP,44255.03,Maharashtra
1058,VENDOR_28,PDS,47366.39,Bihar
1059,VENDOR_46,MNREGA,62352.29,Bihar
1060,VENDOR_26,MNREGA,71328.94,Karnataka
1061,VENDOR_46,SCHOLARSHIP,56488.84,Uttar Pradesh
1062,VENDOR_21,MNREGA,61259.15,Maharashtra
1063,VENDOR_45,SCHOLARSHIP,62616.16,West Bengal
1064,VENDOR_1,PMKISAN,48519.97,Uttar Pradesh
1065,VENDOR_44,AYUSHMAN,57038.41,Uttar Pradesh
1066,VENDOR_43,AYUSHMAN,45841.63,Bihar
1067,VENDOR_34,MNREGA,38270.58,Karnataka
1068,VENDOR_7,AYUSHMAN,56439.9,Tamil Nadu
1069,VENDOR_46,PMKISAN,60649.27,Tamil Nadu
1070,VENDOR_3,AYUSHMAN,52704.76,Rajasthan
1071,VENDOR_2,MNREGA,48912.02,Maharashtra
1072,VENDOR_10,MNREGA,69932.11,Tamil Nadu
1073,VENDOR_25,PDS,51238.94,Rajasthan
1074,VENDOR_11,MNREGA,62575.39,Uttar Pradesh
1075,VENDOR_24,MNREGA,39804.72,Rajasthan
1076,VENDOR_50,AYUSHMAN,61086.58,Karnataka
1077,VENDOR_44,AYUSHMAN,53475.56,Maharashtra
1078,VENDOR_10,PDS,20922.19,West Bengal
1079,VENDOR_24,SCHOLARSHIP,42609.1,West Bengal
1080,VENDOR_19,PDS,35050.17,Delhi
1081,VENDOR_15,SCHOLARSHIP,48738.64,Karnataka
1082,VENDOR_46,SCHOLARSHIP,49639.7,Uttar Pradesh
1083,VENDOR_15,MNREGA,48489.31,West Bengal
1084,VENDOR_13,AYUSHMAN,39648.87,Uttar Pradesh
1085,VENDOR_17,PDS,50676.12,Maharashtra
1086,VENDOR_8,MNREGA,48835.22,Rajasthan
1087,VENDOR_8,MNREGA,58593.74,Delhi
1088,VENDOR_39,PMKISAN,32332.21,Uttar Pradesh
1089,VENDOR_5,SCHOLARSHIP,46527.11,Tamil Nadu
1090,VENDOR_18,SCHOLARSHIP,45147.07,Uttar Pradesh
1091,VENDOR_37,PMKISAN,317657.19,Uttar Pradesh
1092,VENDOR_16,PMKISAN,54904.19,Delhi
1093,VENDOR_44,MNREGA,65563.1,Delhi
1094,VENDOR_38,MNREGA,52561.33,Delhi
1095,VENDOR_5,PDS,41871.76,Bihar
1096,VENDOR_44,AYUSHMAN,19888.98,Bihar
1097,VENDOR_16,MNREGA,18276.31,Maharashtra
1098,VENDOR_40,PDS,58550.53,Tamil Nadu
1099,VENDOR_29,MNREGA,231132.74,Karnataka
1100,VENDOR_16,PMKISAN,33783.9,Uttar Pradesh
1101,VENDOR_28,MNREGA,66084.52,Uttar Pradesh
1102,VENDOR_48,MNREGA,244947.13,Bihar
1103,VENDOR_5,AYUSHMAN,46613.39,West Bengal
1104,VENDOR_40,SCHOLARSHIP,55332.46,Uttar Pradesh
1105,VENDOR_37,PDS,65668.51,Maharashtra
1106,VENDOR_14,PMKISAN,46175.72,Uttar Pradesh
1107,VENDOR_15,PMKISAN,45126.09,Maharashtra
1108,VENDOR_12,PDS,45848.2,West Bengal
1109,VENDOR_10,PMKISAN,53996.66,Tamil Nadu
1110,VENDOR_43,PDS,61057.09,West Bengal
1111,VENDOR_36,PDS,80089.83,West Bengal
1112,VENDOR_29,SCHOLARSHIP,47649.49,Uttar Pradesh
1113,VENDOR_13,MNREGA,64964.27,Karnataka
1114,VENDOR_27,PMKISAN,40042.44,Delhi
1115,VENDOR_8,MNREGA,67403.38,Delhi
1116,VENDOR_8,SCHOLARSHIP,42059.68,West Bengal
1117,VENDOR_9,MNREGA,40804.17,Karnataka
1118,VENDOR_18,PMKISAN,43472.0,Rajasthan
1119,VENDOR_25,PDS,79741.82,Bihar
1120,VENDOR_35,PDS,39074.74,Karnataka
1121,VENDOR_33,AYUSHMAN,43925.07,Rajasthan
1122,VENDOR_10,AYUSHMAN,52954.46,Delhi
1123,VENDOR_23,SCHOLARSHIP,55279.72,Karnataka
1124,VENDOR_6,SCHOLARSHIP,65897.98,Uttar Pradesh
1125,VENDOR_27,PDS,35150.94,Bihar
1126,VENDOR_30,PMKISAN,48362.63,West Bengal
1127,VENDOR_22,PMKISAN,51160.79,Delhi
1128,VENDOR_38,PDS,46443.29,Karnataka
1129,VENDOR_15,PMKISAN,44330.37,Delhi
1130,VENDOR_2,SCHOLARSHIP,50672.25,Karnataka
1131,VENDOR_46,AYUSHMAN,37479.87,Bihar
1132,VENDOR_12,PMKISAN,61829.16,West Bengal
1133,VENDOR_43,AYUSHMAN,42780.41,Tamil Nadu
1134,VENDOR_41,AYUSHMAN,51921.5,Rajasthan
1135,VENDOR_29,SCHOLARSHIP,66236.48,Bihar
1136,VENDOR_2,PMKISAN,50059.81,Maharashtra
1137,VENDOR_11,MNREGA,52960.3,Uttar Pradesh
1138,VENDOR_39,PMKISAN,27560.24,Rajasthan
1139,VENDOR_40,SCHOLARSHIP,51271.19,West Bengal
1140,VENDOR_27,PMKISAN,34979.01,Karnataka
1141,VENDOR_4,PMKISAN,50274.5,Uttar Pradesh
1142,VENDOR_40,SCHOLARSHIP,38550.92,Bihar
1143,VENDOR_19,AYUSHMAN,52640.23,West Bengal
1144,VENDOR_33,SCHOLARSHIP,63440.76,Karnataka
1145,VENDOR_12,PDS,448393.06,Maharashtra
1146,VENDOR_25,SCHOLARSHIP,54728.72,Karnataka
1147,VENDOR_24,MNREGA,46162.18,Bihar
1148,VENDOR_26,MNREGA,63077.97,Karnataka
1149,VENDOR_10,AYUSHMAN,39607.95,Bihar
1150,VENDOR_4,PDS,45389.81,Rajasthan
1151,VENDOR_10,SCHOLARSHIP,55811.75,Maharashtra
1152,VENDOR_28,PMKISAN,25895.99,Maharashtra
1153,VENDOR_22,PDS,45626.21,Karnataka
1154,VENDOR_30,PDS,39936.35,West Bengal
1155,VENDOR_1,SCHOLARSHIP,44432.72,Karnataka
1156,VENDOR_8,MNREGA,56189.42,Uttar Pradesh
1157,VENDOR_3,PMKISAN,46610.26,Bihar
1158,VENDOR_46,SCHOLARSHIP,50333.64,Uttar Pradesh
1159,VENDOR_5,SCHOLARSHIP,57780.9,Delhi
1160,VENDOR_19,SCHOLARSHIP,51102.6,Maharashtra
1161,VENDOR_31,PMKISAN,42598.74,Uttar Pradesh
1162,VENDOR_4,PMKISAN,53567.55,Rajasthan
1163,VENDOR_14,PDS,33416.52,West Bengal
1164,VENDOR_32,SCHOLARSHIP,35931.83,Karnataka
1165,VENDOR_36,PMKISAN,40565.76,Tamil Nadu
1166,VENDOR_32,MNREGA,47292.95,Uttar Pradesh
1167,VENDOR_44,SCHOLARSHIP,38736.58,Delhi
1168,VENDOR_34,SCHOLARSHIP,59331.03,Karnataka
1169,VENDOR_15,PMKISAN,42481.61,Delhi
1170,VENDOR_26,PDS,40872.23,Rajasthan
1171,VENDOR_23,MNREGA,47826.24,Maharashtra
1172,VENDOR_37,PMKISAN,47234.86,Bihar
1173,VENDOR_12,PDS,49694.2,Uttar Pradesh
1174,VENDOR_1,SCHOLARSHIP,36153.22,Maharashtra
1175,VENDOR_44,MNREGA,37864.32,Uttar Pradesh
1176,VENDOR_19,AYUSHMAN,64230.69,Maharashtra
1177,VENDOR_25,SCHOLARSHIP,50643.34,Karnataka
1178,VENDOR_9,AYUSHMAN,37123.09,Delhi
1179,VENDOR_5,AYUSHMAN,54039.73,Rajasthan
1180,VENDOR_31,PMKISAN,266704.13,Maharashtra
1181,VENDOR_18,MNREGA,62577.22,West Bengal
1182,VENDOR_30,SCHOLARSHIP,44083.96,Maharashtra
1183,VENDOR_17,PDS,36405.31,West Bengal
1184,VENDOR_48,MNREGA,56503.29,Bihar
1185,VENDOR_16,SCHOLARSHIP,64331.46,Uttar Pradesh
1186,VENDOR_24,AYUSHMAN,39204.53,Bihar
1187,VENDOR_7,MNREGA,42322.88,Bihar
1188,VENDOR_24,MNREGA,44424.53,Tamil Nadu
1189,VENDOR_7,PDS,62869.36,Tamil Nadu
1190,VENDOR_10,SCHOLARSHIP,53169.25,Rajasthan
1191,VENDOR_33,SCHOLARSHIP,43147.65,Rajasthan
1192,VENDOR_26,SCHOLARSHIP,47049.24,West Bengal
1193,VENDOR_19,SCHOLARSHIP,45350.05,Bihar
1194,VENDOR_4,PDS,68459.48,Rajasthan
1195,VENDOR_13,PDS,17417.5,Uttar Pradesh
1196,VENDOR_28,PMKISAN,55532.93,Uttar Pradesh
1197,VENDOR_5,PMKISAN,29928.69,Bihar
1198,VENDOR_41,PDS,52115.7,Tamil Nadu
1199,VENDOR_19,MNREGA,67756.84,Tamil Nadu
1200,VENDOR_42,SCHOLARSHIP,44993.83,Delhi
1201,VENDOR_20,AYUSHMAN,63436.17,Delhi
1202,VENDOR_21,AYUSHMAN,40844.5,West Bengal
1203,VENDOR_36,PDS,50927.93,West Bengal
1204,VENDOR_21,MNREGA,322649.82,Bihar
1205,VENDOR_7,AYUSHMAN,64171.04,Delhi
1206,VENDOR_10,AYUSHMAN,56580.78,Bihar
1207,VENDOR_10,PMKISAN,36290.11,Delhi
1208,VENDOR_15,SCHOLARSHIP,40008.69,Tamil Nadu
1209,VENDOR_46,SCHOLARSHIP,34039.67,West Bengal
1210,VENDOR_19,PDS,47764.04,Karnataka
1211,VENDOR_50,MNREGA,70288.55,Delhi
1212,VENDOR_12,SCHOLARSHIP,45416.79,Uttar Pradesh
1213,VENDOR_4,AYUSHMAN,45168.42,Tamil Nadu
1214,VENDOR_23,SCHOLARSHIP,53156.45,Rajasthan
1215,VENDOR_1,PDS,42579.06,Tamil Nadu
1216,VENDOR_25,AYUSHMAN,38073.63,Karnataka
1217,VENDOR_9,PMKISAN,35717.77,Maharashtra
1218,VENDOR_47,AYUSHMAN,49269.77,West Bengal
1219,VENDOR_23,MNREGA,34858.88,West Bengal
1220,VENDOR_45,PDS,42189.34,Tamil Nadu
1221,VENDOR_13,AYUSHMAN,31005.75,Karnataka
1222,VENDOR_12,PDS,42043.52,Uttar Pradesh
1223,VENDOR_34,MNREGA,65940.29,West Bengal
1224,VENDOR_38,AYUSHMAN,290163.49,Karnataka
1225,VENDOR_21,PDS,35301.47,Karnataka
1226,VENDOR_5,PMKISAN,56061.97,Rajasthan
1227,VENDOR_49,PMKISAN,285574.43,West Bengal
1228,VENDOR_42,PDS,43842.0,Karnataka
1229,VENDOR_15,PMKISAN,63161.77,Uttar Pradesh
1230,VENDOR_27,PDS,54135.75,Rajasthan
1231,VENDOR_19,MNREGA,62968.18,Uttar Pradesh
1232,VENDOR_5,PDS,44034.89,Tamil Nadu
1233,VENDOR_32,PMKISAN,27637.41,Bihar
1234,VENDOR_46,AYUSHMAN,45642.37,West Bengal
1235,VENDOR_11,PDS,61379.08,West Bengal
1236,VENDOR_47,PDS,33560.36,Tamil Nadu
1237,VENDOR_46,MNREGA,37894.09,Tamil Nadu
1238,VENDOR_12,PDS,63032.95,Delhi
1239,VENDOR_15,MNREGA,37707.58,Karnataka
1240,VENDOR_33,PMKISAN,55514.68,Karnataka
1241,VENDOR_45,SCHOLARSHIP,65741.99,West Bengal
1242,VENDOR_33,PMKISAN,35848.36,Maharashtra
1243,VENDOR_43,SCHOLARSHIP,65624.67,Karnataka
1244,VENDOR_50,AYUSHMAN,48758.97,West Bengal
1245,VENDOR_28,MNREGA,65098.26,Uttar Pradesh
1246,VENDOR_37,PDS,31069.95,West Bengal
1247,VENDOR_19,PDS,30276.8,Bihar
1248,VENDOR_16,PDS,50667.35,Uttar Pradesh
1249,VENDOR_25,SCHOLARSHIP,40784.3,Uttar Pradesh
1250,VENDOR_12,AYUSHMAN,43349.17,Tamil Nadu
1251,VENDOR_45,PDS,69496.42,Karnataka
1252,VENDOR_19,SCHOLARSHIP,231666.81,Rajasthan
1253,VENDOR_23,MNREGA,51545.1,Uttar Pradesh
1254,VENDOR_30,PMKISAN,37444.33,Rajasthan
1255,VENDOR_4,SCHOLARSHIP,45855.47,Karnataka
1256,VENDOR_46,PMKISAN,59138.88,Tamil Nadu
1257,VENDOR_2,PMKISAN,66616.9,Uttar Pradesh
1258,VENDOR_36,AYUSHMAN,32820.06,Rajasthan
1259,VENDOR_2,PMKISAN,56452.58,Bihar
1260,VENDOR_11,AYUSHMAN,248124.47,Uttar Pradesh
1261,VENDOR_13,PMKISAN,48853.2,Tamil Nadu
1262,VENDOR_41,SCHOLARSHIP,34609.59,Maharashtra
1263,VENDOR_15,PDS,57811.17,Tamil Nadu
1264,VENDOR_39,AYUSHMAN,37888.61,Bihar
1265,VENDOR_30,AYUSHMAN,66437.39,Delhi
1266,VENDOR_43,PMKISAN,52857.22,Karnataka
1267,VENDOR_38,SCHOLARSHIP,36236.32,Tamil Nadu
1268,VENDOR_22,PDS,291380.14,West Bengal
1269,VENDOR_24,MNREGA,62132.81,Uttar Pradesh
1270,VENDOR_49,PDS,29876.52,Rajasthan
1271,VENDOR_11,AYUSHMAN,40589.8,Bihar
1272,VENDOR_21,AYUSHMAN,60979.25,Bihar
1273,VENDOR_35,SCHOLARSHIP,54404.32,Delhi
1274,VENDOR_24,PMKISAN,57887.95,Karnataka
1275,VENDOR_20,AYUSHMAN,51631.4,Tamil Nadu
1276,VENDOR_16,AYUSHMAN,29616.97,Delhi
1277,VENDOR_16,PMKISAN,65657.29,Tamil Nadu
1278,VENDOR_19,AYUSHMAN,65398.99,Karnataka
1279,VENDOR_40,SCHOLARSHIP,27567.63,Tamil Nadu
1280,VENDOR_9,AYUSHMAN,38646.63,Uttar Pradesh
1281,VENDOR_15,PMKISAN,60973.64,West Bengal
1282,VENDOR_32,SCHOLARSHIP,306948.46,Delhi
1283,VENDOR_11,MNREGA,44985.17,Uttar Pradesh
1284,VENDOR_47,PDS,43581.56,Karnataka
1285,VENDOR_2,SCHOLARSHIP,52332.62,West Bengal
1286,VENDOR_29,SCHOLARSHIP,54621.94,Rajasthan
1287,VENDOR_47,PDS,35715.5,Karnataka
1288,VENDOR_45,PDS,61987.12,West Bengal
1289,VENDOR_49,PMKISAN,27877.97,Karnataka
1290,VENDOR_14,MNREGA,34122.99,Tamil Nadu
1291,VENDOR_11,AYUSHMAN,52978.65,West Bengal
1292,VENDOR_37,PDS,66381.73,Delhi
1293,VENDOR_6,PDS,65700.01,West Bengal
1294,VENDOR_10,SCHOLARSHIP,34589.25,Karnataka
1295,VENDOR_3,MNREGA,44907.57,Karnataka
1296,VENDOR_32,MNREGA,60866.21,Maharashtra
1297,VENDOR_12,PMKISAN,46887.93,West Bengal
1298,VENDOR_38,SCHOLARSHIP,52513.54,Delhi
1299,VENDOR_37,PMKISAN,67090.91,Karnataka
1300,VENDOR_39,AYUSHMAN,49631.93,Bihar
1301,VENDOR_30,PMKISAN,45785.02,Tamil Nadu
1302,VENDOR_28,PMKISAN,206153.77,Maharashtra
1303,VENDOR_22,PDS,57546.14,Delhi
1304,VENDOR_12,PDS,68777.63,Delhi
1305,VENDOR_47,PMKISAN,43137.12,Rajasthan
1306,VENDOR_4,MNREGA,53818.0,West Bengal
1307,VENDOR_34,PDS,43101.36,Maharashtra
1308,VENDOR_35,PDS,79246.32,Delhi
1309,VENDOR_16,MNREGA,62466.57,Rajasthan
1310,VENDOR_30,PMKISAN,72207.2,Maharashtra
1311,VENDOR_14,MNREGA,45901.85,Rajasthan
1312,VENDOR_39,PMKISAN,38697.17,Delhi
1313,VENDOR_4,AYUSHMAN,52324.78,Uttar Pradesh
1314,VENDOR_49,AYUSHMAN,76756.67,Rajasthan
1315,VENDOR_49,PMKISAN,48859.97,Karnataka
1316,VENDOR_13,MNREGA,56860.25,Tamil Nadu
1317,VENDOR_37,MNREGA,45953.93,Bihar
1318,VENDOR_11,AYUSHMAN,43109.42,Bihar
1319,VENDOR_41,PMKISAN,60201.49,Uttar Pradesh
1320,VENDOR_34,PDS,25075.05,Bihar
1321,VENDOR_7,PMKISAN,43643.96,Karnataka
1322,VENDOR_31,PMKISAN,53772.77,Tamil Nadu
1323,VENDOR_34,AYUSHMAN,62213.21,Delhi
1324,VENDOR_21,SCHOLARSHIP,33543.67,West Bengal
1325,VENDOR_47,SCHOLARSHIP,45716.26,Uttar Pradesh
1326,VENDOR_13,AYUSHMAN,32846.35,Delhi
1327,VENDOR_11,AYUSHMAN,49397.95,Delhi
1328,VENDOR_29,PMKISAN,57886.09,Tamil Nadu
1329,VENDOR_14,SCHOLARSHIP,61321.48,West Bengal
1330,VENDOR_3,PMKISAN,44278.91,Uttar Pradesh
1331,VENDOR_36,PMKISAN,48625.06,Bihar
1332,VENDOR_34,SCHOLARSHIP,33979.15,Delhi
1333,VENDOR_6,SCHOLARSHIP,36196.77,Tamil Nadu
1334,VENDOR_47,PMKISAN,42916.15,Maharashtra
1335,VENDOR_45,PDS,40734.54,Tamil Nadu
1336,VENDOR_38,MNREGA,47214.71,Karnataka
1337,VENDOR_32,SCHOLARSHIP,65980.5,Karnataka
1338,VENDOR_42,SCHOLARSHIP,350711.65,Tamil Nadu
1339,VENDOR_37,AYUSHMAN,42527.66,Delhi
1340,VENDOR_43,SCHOLARSHIP,41027.18,Karnataka
1341,VENDOR_44,AYUSHMAN,53629.73,Bihar
1342,VENDOR_25,AYUSHMAN,55257.71,Delhi
1343,VENDOR_30,AYUSHMAN,33928.08,Uttar Pradesh
1344,VENDOR_29,PDS,37544.07,Tamil Nadu
1345,VENDOR_50,AYUSHMAN,66631.42,Tamil Nadu
1346,VENDOR_4,PMKISAN,61525.25,Bihar
1347,VENDOR_6,PMKISAN,35250.02,Tamil Nadu
1348,VENDOR_25,SCHOLARSHIP,45914.88,Delhi
1349,VENDOR_47,AYUSHMAN,61315.66,Tamil Nadu
1350,VENDOR_13,SCHOLARSHIP,26497.4,Karnataka
1351,VENDOR_23,SCHOLARSHIP,45155.96,Karnataka
1352,VENDOR_31,SCHOLARSHIP,45690.44,West Bengal
1353,VENDOR_26,MNREGA,17215.57,Tamil Nadu
1354,VENDOR_27,MNREGA,38830.39,Maharashtra
1355,VENDOR_23,MNREGA,75216.76,Rajasthan
1356,VENDOR_14,PDS,66283.21,Karnataka
1357,VENDOR_3,MNREGA,37278.76,Rajasthan
1358,VENDOR_29,MNREGA,45290.94,Bihar
1359,VENDOR_44,MNREGA,71421.87,West Bengal
1360,VENDOR_11,PDS,333109.02,Karnataka
1361,VENDOR_44,MNREGA,36060.38,Tamil Nadu
1362,VENDOR_14,PMKISAN,55729.17,Delhi
1363,VENDOR_25,MNREGA,55875.33,Uttar Pradesh
1364,VENDOR_47,AYUSHMAN,36240.29,Tamil Nadu
1365,VENDOR_7,SCHOLARSHIP,235567.97,West Bengal
1366,VENDOR_14,PDS,45940.15,Karnataka
1367,VENDOR_31,PDS,53394.11,Uttar Pradesh
1368,VENDOR_45,AYUSHMAN,57909.71,Bihar
1369,VENDOR_46,PDS,44631.03,Maharashtra
1370,VENDOR_22,PMKISAN,57771.56,Tamil Nadu
1371,VENDOR_20,AYUSHMAN,49185.28,Delhi
1372,VENDOR_34,SCHOLARSHIP,27325.85,Delhi
1373,VENDOR_33,AYUSHMAN,33598.65,Maharashtra
1374,VENDOR_31,PMKISAN,41793.6,Bihar
1375,VENDOR_35,SCHOLARSHIP,43639.76,Bihar
1376,VENDOR_25,MNREGA,42338.09,Uttar Pradesh
1377,VENDOR_28,MNREGA,71555.91,Rajasthan
1378,VENDOR_13,MNREGA,31065.77,Maharashtra
1379,VENDOR_15,PMKISAN,58819.01,Karnataka
1380,VENDOR_17,AYUSHMAN,55302.33,Tamil Nadu
1381,VENDOR_27,PMKISAN,49322.11,Uttar Pradesh
1382,VENDOR_42,PMKISAN,69153.02,Karnataka
1383,VENDOR_25,SCHOLARSHIP,219799.27,Uttar Pradesh
1384,VENDOR_45,PDS,49072.38,Rajasthan
1385,VENDOR_49,SCHOLARSHIP,63579.55,Karnataka
1386,VENDOR_30,AYUSHMAN,50214.82,Tamil Nadu
1387,VENDOR_25,MNREGA,38815.11,Rajasthan
1388,VENDOR_26,SCHOLARSHIP,41352.81,Uttar Pradesh
1389,VENDOR_30,MNREGA,58909.72,Tamil Nadu
1390,VENDOR_9,MNREGA,50114.78,Bihar
1391,VENDOR_13,PMKISAN,57565.31,Tamil Nadu
1392,VENDOR_1,SCHOLARSHIP,320335.68,Tamil Nadu
1393,VENDOR_42,PMKISAN,52550.05,Tamil Nadu
1394,VENDOR_18,PDS,52838.37,Karnataka
1395,VENDOR_28,PDS,29737.55,Delhi
1396,VENDOR_4,SCHOLARSHIP,59610.53,Maharashtra
1397,VENDOR_35,PDS,44430.82,Tamil Nadu
1398,VENDOR_15,PDS,46922.11,West Bengal
1399,VENDOR_28,SCHOLARSHIP,351717.76,Uttar Pradesh
1400,VENDOR_16,AYUSHMAN,17242.64,Uttar Pradesh
1401,VENDOR_18,PMKISAN,37734.26,Delhi
1402,VENDOR_46,PDS,80045.81,Rajasthan
1403,VENDOR_3,PDS,56411.89,Bihar
1404,VENDOR_46,AYUSHMAN,58499.8,Tamil Nadu
1405,VENDOR_32,MNREGA,24717.68,West Bengal
1406,VENDOR_50,PDS,28312.13,Karnataka
1407,VENDOR_48,AYUSHMAN,51991.49,West Bengal
1408,VENDOR_33,AYUSHMAN,59405.32,Rajasthan
1409,VENDOR_9,MNREGA,43137.65,West Bengal
1410,VENDOR_11,PDS,45244.58,Uttar Pradesh
1411,VENDOR_15,SCHOLARSHIP,71425.72,Uttar Pradesh
1412,VENDOR_3,AYUSHMAN,40756.62,Maharashtra
1413,VENDOR_8,SCHOLARSHIP,44452.71,Uttar Pradesh
1414,VENDOR_10,SCHOLARSHIP,63970.01,Maharashtra
1415,VENDOR_28,MNREGA,63943.64,Maharashtra
1416,VENDOR_43,MNREGA,46224.13,Bihar
1417,VENDOR_48,PMKISAN,50321.37,Delhi
1418,VENDOR_42,PDS,38161.09,West Bengal
1419,VENDOR_34,PDS,59737.65,Maharashtra
1420,VENDOR_15,AYUSHMAN,356594.06,West Bengal
1421,VENDOR_42,PMKISAN,41325.91,Delhi
1422,VENDOR_4,MNREGA,51079.79,Karnataka
1423,VENDOR_4,AYUSHMAN,60943.73,Karnataka
1424,VENDOR_12,MNREGA,36807.14,Tamil Nadu
1425,VENDOR_19,PDS,38670.02,Tamil Nadu
1426,VENDOR_46,SCHOLARSHIP,44619.72,Bihar
1427,VENDOR_30,MNREGA,64371.34,Delhi
1428,VENDOR_1,AYUSHMAN,30001.13,Bihar
1429,VENDOR_1,SCHOLARSHIP,62794.72,Delhi
1430,VENDOR_50,SCHOLARSHIP,57436.41,Uttar Pradesh
1431,VENDOR_3,PMKISAN,37132.37,Bihar
1432,VENDOR_30,AYUSHMAN,79331.4,West Bengal
1433,VENDOR_30,PMKISAN,43845.11,Karnataka
1434,VENDOR_28,SCHOLARSHIP,42009.56,West Bengal
1435,VENDOR_31,PDS,51188.33,Tamil Nadu
1436,VENDOR_34,MNREGA,53044.41,Karnataka
1437,VENDOR_6,MNREGA,24401.46,Uttar Pradesh
1438,VENDOR_41,SCHOLARSHIP,39305.69,Rajasthan
1439,VENDOR_30,PMKISAN,52696.96,Karnataka
1440,VENDOR_11,SCHOLARSHIP,69508.83,Delhi
1441,VENDOR_38,PDS,63080.84,Bihar
1442,VENDOR_50,PMKISAN,47397.89,Uttar Pradesh
1443,VENDOR_43,SCHOLARSHIP,329041.83,Tamil Nadu
1444,VENDOR_12,AYUSHMAN,41500.12,Maharashtra
1445,VENDOR_40,AYUSHMAN,54549.4,Tamil Nadu
1446,VENDOR_9,AYUSHMAN,56361.95,Delhi
1447,VENDOR_16,PMKISAN,61627.15,Rajasthan
1448,VENDOR_40,SCHOLARSHIP,47710.69,Delhi
1449,VENDOR_1,PMKISAN,46589.33,Uttar Pradesh
1450,VENDOR_12,MNREGA,71516.82,Karnataka
1451,VENDOR_35,AYUSHMAN,59922.95,Delhi
1452,VENDOR_25,AYUSHMAN,33895.18,Rajasthan
1453,VENDOR_40,MNREGA,336016.73,West Bengal
1454,VENDOR_43,PMKISAN,66777.13,West Bengal
1455,VENDOR_38,SCHOLARSHIP,361204.07,Delhi
1456,VENDOR_30,PMKISAN,276581.09,Bihar
1457,VENDOR_22,PDS,35496.07,Maharashtra
1458,VENDOR_8,PDS,66457.24,Rajasthan
1459,VENDOR_17,PMKISAN,58959.25,Bihar
1460,VENDOR_3,PMKISAN,38046.57,Rajasthan
1461,VENDOR_9,SCHOLARSHIP,35761.07,West Bengal
1462,VENDOR_29,MNREGA,50841.67,Tamil Nadu
1463,VENDOR_21,PMKISAN,63553.08,Karnataka
1464,VENDOR_45,AYUSHMAN,342813.06,Bihar
1465,VENDOR_46,PDS,65369.24,Uttar Pradesh
1466,VENDOR_6,AYUSHMAN,78270.9,West Bengal
1467,VENDOR_8,MNREGA,261350.88,Delhi
1468,VENDOR_15,AYUSHMAN,59537.63,Maharashtra
1469,VENDOR_14,MNREGA,50018.9,Karnataka
1470,VENDOR_10,PDS,41985.67,Bihar
1471,VENDOR_20,MNREGA,42024.29,Tamil Nadu
1472,VENDOR_12,PDS,44431.38,Tamil Nadu
1473,VENDOR_36,SCHOLARSHIP,75250.32,Karnataka
1474,VENDOR_48,AYUSHMAN,38037.87,Delhi
1475,VENDOR_29,PMKISAN,44532.22,Maharashtra
1476,VENDOR_3,PDS,49682.98,Maharashtra
1477,VENDOR_47,AYUSHMAN,61166.32,Rajasthan
1478,VENDOR_18,MNREGA,55558.16,Karnataka
1479,VENDOR_12,SCHOLARSHIP,72814.4,Delhi
1480,VENDOR_17,AYUSHMAN,58608.9,Rajasthan
1481,VENDOR_34,PDS,62428.1,Delhi
1482,VENDOR_12,SCHOLARSHIP,245455.45,Rajasthan
1483,VENDOR_5,MNREGA,53172.49,Tamil Nadu
1484,VENDOR_4,PMKISAN,41318.73,Karnataka
1485,VENDOR_18,AYUSHMAN,37933.29,Bihar
1486,VENDOR_17,SCHOLARSHIP,27493.04,Maharashtra
1487,VENDOR_19,PDS,64648.46,Delhi
1488,VENDOR_8,SCHOLARSHIP,43837.06,Delhi
1489,VENDOR_8,AYUSHMAN,45777.65,West Bengal
1490,VENDOR_45,MNREGA,37185.37,West Bengal
1491,VENDOR_19,MNREGA,46257.57,Maharashtra
1492,VENDOR_31,PMKISAN,53731.84,Rajasthan
1493,VENDOR_25,SCHOLARSHIP,53259.54,Rajasthan
1494,VENDOR_25,MNREGA,354164.03,West Bengal
1495,VENDOR_33,SCHOLARSHIP,35259.84,Bihar
1496,VENDOR_33,PDS,55829.06,Tamil Nadu
1497,VENDOR_31,SCHOLARSHIP,43015.43,Rajasthan
1498,VENDOR_50,MNREGA,236947.07,Karnataka
1499,VENDOR_44,PMKISAN,52696.44,Rajasthan
